"TMLE3T2","TMLE3S1","TMLE3S2"
2.84932875577812,2.75173497890159,2.80193801006653
2.97977965874387,2.91325135353799,2.96203496018365
3.03932730303991,3.02888831523999,3.06998864654262
3.12535892047271,3.13273786404028,3.14399836686245
3.0733926595548,3.13375069283328,3.14376225370739
3.03884729512517,3.10673027652279,3.04124774527207
3.02953531751474,3.09297548199234,3.09558035375979
2.96572061567627,2.96460338304203,2.97141799676711
3.07777748519815,3.15048852698721,3.07581297326464
3.06420308105704,2.98733241135027,3.00612145166007
2.99004963346322,3.01087388391489,3.01914382111798
2.9073315616823,2.84140756618731,2.93801117089379
3.04846110675282,3.09220943755268,3.08078025436777
3.08654222925879,3.1656797830105,3.13905355146037
2.89515108260767,2.92108839249802,2.92869869153026
2.95084492207157,3.04569228868035,2.93838474674003
2.8115359568618,2.70253255298835,2.75221932527563
2.98320204398921,2.9381493167164,2.99690930213934
3.08627502568864,3.13698074063815,3.13585813874211
2.93872678063653,2.8812384133789,2.90602916645082
3.01368116604485,3.0019886762008,2.98998510293317
3.09764785110235,3.06671238134014,3.09329888841998
3.1107095804907,3.19369692017686,3.13568664460933
2.969881606415,3.05244749077845,2.99066672810362
2.94027390661852,2.7419854913684,2.77993727072737
3.10446772907755,3.15349618711173,3.09273552556475
3.06245852950754,3.00320341735976,3.04524135653657
3.09691424282473,3.0357238401028,3.09089779585628
3.0362368409624,3.08389103622028,3.0261766007637
2.97243191962777,2.92091757369902,2.96771865594228
3.05636147701567,3.05536328943884,3.07862849099906
2.98572701857972,2.93349776617957,2.9443184865357
3.00805335036738,2.95185371394942,2.97169929917786
3.17054212414563,3.12539036558609,3.09846835826408
2.91234093400565,2.94537145388365,2.95969546593137
2.96173531930639,2.83021869167901,2.93632770371155
3.08841888920078,3.136638649918,3.09639317127829
2.82082680776398,2.80000806803934,2.82658532345756
3.11898924627258,3.1527476973113,3.15678382063232
3.06765762835164,3.08979977284995,3.07572763078482
2.96883867844673,2.95585562489072,3.00201939728364
2.98805025302662,2.96285477064042,3.00999522753264
2.75034300036137,2.74091268457778,2.74098071700828
3.03130220565486,3.10982753314685,3.02305963271329
2.91764617439737,2.87802565407318,2.93280102858677
3.02011319356324,3.1066818962585,3.0524037221077
3.17085514750642,3.20432711906411,3.17175144206224
2.96890411852817,2.98917611691088,2.95130946582175
2.97032885759577,2.96095401183927,2.99652039601179
3.02581956286403,3.06628655955429,3.08518464308672
3.1191980117931,3.16973090138197,3.18971619113663
2.96342104356456,2.94358232036875,3.029744525819
3.0309837532218,3.01911107464495,3.02784620437145
2.9521831198533,2.95147746708335,2.9610673526042
2.89878754275344,2.94577653970323,2.87305073644231
2.99752152346437,2.98723442070017,2.98750458839443
2.94713310715383,2.92078090024471,2.99287974066234
3.05941777802078,3.0710901409698,3.03787163203471
2.88216563614906,2.79525438570979,2.85487123540888
2.97643362241207,3.10087255866509,3.04969071183599
2.98319034363105,3.05097771249477,3.00072860864931
2.9856645504296,3.0975577116954,2.99627274041743
2.89125824061569,2.90446827394135,2.87787628812283
3.01117980357892,2.9671685499991,2.93970676567804
2.86294753658179,2.83877818648402,2.80040629161381
3.02277930580643,2.96447668392046,3.02124612048902
2.91602160042048,2.98095125801394,2.97833454685863
2.99769442420911,3.07232691199473,3.00418287175517
2.91218654744572,2.68328647385428,2.7125827551746
2.99565681871662,2.88435405528573,2.95084342737008
3.03091884389236,2.94872833970521,3.03904882737169
2.9922837192019,2.96887261782815,2.97430027599996
2.89677695247307,2.95926636594195,2.98771718733849
2.75699642330804,2.80855779139759,2.75828787386222
2.85853489548576,2.84120617791337,2.84608614778391
3.132181993018,3.10821350216267,3.11368710737808
2.86256817085477,2.90554000947799,2.93865476582165
3.03781409423344,2.99337734947407,3.02180282491175
3.17362033813262,3.20551178352489,3.15668562775047
3.11560423476765,3.09876540560236,3.12165793044475
2.92763946043209,2.9405043977433,2.92723163867808
2.94422268197566,2.87023956908603,2.93497066682945
2.87365100565673,2.88384654830245,2.9348695356894
2.96864167560734,3.03207033374368,3.04515474552556
2.8987569125956,2.88413922856307,2.95341664139604
2.86474883547892,2.80820295405443,2.87065831507836
3.09045150963952,3.16390006680991,3.18660423095925
2.93515165484246,2.86745788584272,2.93625695048157
3.06400535292298,3.05969529697906,3.09528580223304
3.11499088148534,3.11299503492552,3.07242660886265
3.01439326229296,3.06412591500656,3.07039201147961
2.92206453736142,2.89856269357689,2.93622168680803
3.05354529372444,3.18568831559257,3.1350680333271
3.04662934151549,3.06417828228923,3.09607207709564
3.01356893783764,3.05785932177495,3.03806861651129
2.92637780510263,2.92955590390555,2.95185505660244
3.13887724788997,3.26589793011243,3.18573236516694
3.0204074379674,2.97519732126591,3.04701677887973
3.00553464812128,3.08592370834394,3.09320878158831
3.17041013885085,3.12088549969985,3.15076981207006
3.07413186031113,3.122318849031,3.03612876844252
2.94178737837085,2.99912613370875,3.00469087150386
2.97235556977387,2.90623081834879,2.91619521156034
2.9404870972417,2.90202150677009,2.96624180722594
2.92350626226363,2.77588729663014,2.94688898839085
3.0979573614321,3.21508587669955,3.08966927878999
3.10471240870994,2.97981375349648,2.97479193460883
3.017126408739,3.01511251897087,3.03272489136292
3.05427683462037,3.06384206846265,3.0291727115545
3.19825723276646,3.24896770677325,3.226956422372
2.98963795326843,3.04207246755899,3.07037019986256
2.87268563371358,2.84128874721938,2.92531491786366
3.06952924078827,3.13154023458837,3.10268988098886
3.04881171687989,2.98500242124081,3.01598985068561
2.92635368263842,2.93708827764226,2.95285100053449
3.07981555192479,2.99537363926263,3.04204669167987
3.0651218980626,3.15341800511064,3.06499408900401
2.96579745222505,2.97266583042597,3.00644710631836
2.89927886396596,2.86406410012347,2.85539181549155
3.15038761609245,3.09420242597034,3.12248239260712
2.94279603678029,3.03377716756707,2.96020435735709
3.05225900022792,3.1200104761387,3.07969406547526
2.90920847541675,2.87849928131776,2.94008076986075
2.94778334847674,2.77907796793319,2.88537132889401
2.92886219895767,2.92499467063672,2.95710016018774
3.00101252479629,3.00198516649188,2.98655043305053
2.84272949918439,2.81318551577888,2.90967269001482
2.91212121364414,2.95163936383809,2.9755945122
3.04303247233044,3.1166356261033,3.10919019608891
3.12336813368389,3.11690514503952,3.09199713228946
3.05199037351687,3.07012588988329,2.99776302883852
3.03449782377784,3.14263468348373,3.14633027929992
2.87882456139515,2.95065817280802,2.90356915078644
2.96663639586822,2.90856519316322,2.97518514131106
3.0092776513091,3.02660899314176,3.06090441507918
3.15586900517701,3.25194663816487,3.19681288564783
2.90276080077798,2.8457893712343,2.9055848512668
3.22116395581628,3.24393296186284,3.26077057524683
3.08095722054237,3.03658624634276,3.07740022211962
2.99670555417277,2.93059193569162,2.99131747679406
2.88986020150489,2.85749441261802,2.88441934045618
3.12851472061159,3.1077610949859,3.09152669754681
3.08475524534227,3.02332538254812,3.06628915593318
3.05924633008432,2.95830148294218,2.97360190804601
2.98956425158954,3.07811554927963,2.95110614931098
3.05117686281342,3.20292253679078,3.20120596768111
3.07448019822459,3.28637072151075,3.15595885012167
3.06189164625991,2.97810390040648,3.01694540385116
3.06094031984793,3.14123268260444,3.04389667435385
3.03578047243626,3.04774892532899,3.03299553335405
3.0410661227125,3.06607145159832,3.03556058838463
3.05243082725876,3.21246271665278,3.12013531101544
2.93291563013498,2.81402247292829,2.92156984609494
3.06117820064671,3.19200559181231,3.18747236543616
2.96198584383652,2.94465691241772,2.94613486052544
3.06551928025649,3.08517053223148,3.10231731214836
3.00752119704138,2.93915669739559,2.92160523066579
3.14511083668456,3.14184583496308,3.12801138287037
2.82183126114235,2.69429250113016,2.77610197978832
3.04340058718197,3.12538326197159,3.04387417229912
3.11818899730272,3.15694562947995,3.08191244518474
3.0182012192729,2.98602393701145,3.02919919272784
3.04814565105775,3.14840392106815,3.09615576515518
3.02714868560506,2.84217832810704,2.89996432345772
2.93948991780544,2.99702371931635,3.00620311099186
2.87395652895134,2.84179056881194,2.86043216410581
3.040737406151,3.12040770513322,3.14849343206305
2.97995456859634,2.99610354685947,3.00066921610465
2.91399381342077,2.91942529253435,2.96329786029881
3.02581192876424,2.84869894280045,2.94984416073912
2.97434359419235,3.1027098677094,3.02586750868434
2.8954894262142,2.85773288835086,2.88058270711288
3.01446393261914,3.02625282207923,3.08164770129872
2.98007680010341,2.99092141683595,2.90128032609182
2.96702497489837,2.92009577969997,2.96126097301118
2.91846362620249,3.01174163056214,2.95209039594104
3.00186156371808,3.05559005724441,2.9887856564976
2.95972058740451,2.98667713527024,2.99560749761467
2.99284056550234,3.00254292593879,2.95599378771747
3.12409756802932,3.08798912061836,3.13366307722387
3.03723486855533,3.22593169359975,3.1570857436618
2.97199554498856,3.05230287663238,3.04045011062393
3.0098794572201,3.07162268100721,2.97498716237864
3.02405745757832,3.0717750819305,2.98170675504101
3.09015745385049,3.10346449690214,3.10734394638996
3.10702822817007,3.33711112935159,3.19309492161174
2.90919232352281,2.90161705614406,2.89743456072732
3.0935340985589,3.14337652134121,3.01731932810318
3.04128008051357,3.23040554991545,3.1442708994714
3.10894883938464,3.0576651086995,3.1224702293567
3.03428485713517,2.9726832538917,3.01533610930378
2.83340501509102,2.8787091412806,2.88854667574423
2.79942545507407,2.74917008505404,2.79566055287132
2.90746392026782,2.99021352769717,2.93370428936852
3.02060110309347,3.03109483390305,2.96417307180756
2.87880150691613,2.90354201759141,2.82034835640873
3.10300641951517,3.07280503051587,3.11190933136774
2.98476038343882,3.02699715639753,2.98617056317366
3.02919424781676,3.03631402024804,3.00519310240842
3.03633963108446,3.08734791879577,2.99035507601733
3.13566490485738,3.17215735320113,3.13875340254175
2.95841169119368,3.03668626599055,3.02138849406365
3.08631993207623,3.05604011789608,3.02370419298153
3.03149653131665,3.06617811502971,3.05630567513661
3.05707069244889,3.05602172774369,3.02209662560613
3.15547004591709,3.13328602407911,3.10890953802579
3.173667542198,3.29140969710455,3.2751633121397
3.00346156174368,2.96828805891136,2.97081510023335
3.0045279894552,3.0585819229236,3.02766991105279
2.95443898282438,2.89008418709177,2.94962461185047
2.96467187930843,3.09323257602557,3.0179627096876
3.10944827627022,3.0620055563637,3.02384100050634
3.01596913874318,3.192634357234,3.12887340573309
2.98225198724383,2.9539147219731,3.01824676178061
3.02665941891617,3.12348058534943,3.07439363178443
3.00217777339409,3.01503337233209,2.99835621053017
2.99797862971907,2.9909786262797,2.96643188925116
3.03513598655362,3.03971655989639,3.03670628953828
2.97556316753956,2.89055580407966,2.88852263771876
2.91827451648969,2.85189831309015,2.9024640390714
2.86820827413537,2.85474925120243,2.91427199112852
2.86290370906193,2.79608405596275,2.82675398937659
2.94214222124457,2.84513643361863,2.93221787135676
2.94785836637604,2.91349015083331,2.95642264702449
3.07343897004707,3.03086962036766,3.04449667448126
3.07164174659909,3.13452813943234,3.11807804638284
3.11968584923721,3.14286820875964,3.08324891131092
2.97836973664902,2.9857366208512,3.01460530980216
2.98356032597107,2.98724213817706,3.04805893664731
3.12686988146964,3.15110247808913,3.12381181607813
3.04050905027102,3.05318809456066,3.05507002838565
3.07575040801555,2.95803536613294,3.06281502843874
3.10480189158529,3.22128546804407,3.18581723131513
3.08096452607795,3.06017675099163,3.07473362831357
3.09977350761638,3.27617946421179,3.16475118743749
3.02616163493185,3.2136568552462,3.08418958034925
2.94285949336742,3.01128264569414,3.01671403756859
3.08954567257826,3.1123404648931,3.13455350964764
2.9821061517884,2.98406796576286,3.02681731871417
2.97164505320519,3.08415136102282,3.08874916772362
3.15397432597482,3.18393283463148,3.16817144120907
2.89964745090159,2.81668859138092,2.81441138445773
3.12003479551203,3.2048922640673,3.21155906377278
3.06895083507488,3.01024148084011,3.03328083587793
2.88013156699952,2.79896288517218,2.88856365236838
2.89750130919023,2.91963779705017,2.92778886934061
3.02527104104163,3.0575186027851,3.02942522821014
3.06549338984184,3.12037420053073,3.12614449157571
3.0948649593774,3.12258664853596,3.05446088106702
3.03324123435194,2.97060283645308,3.02053883158094
2.89232947244494,2.92773951552149,2.97796269480853
2.96817161026498,2.97244425266096,2.9741776223294
3.13097129561551,3.31189816255492,3.1242451686941
3.33617430644879,3.41461355493034,3.3505101803803
3.0863149953662,3.05784401021701,3.02987813773201
2.89337658183549,2.86203457119403,2.9185331012949
3.12049296161515,3.06058655138772,3.05736353995249
3.14138007844398,3.08110408484724,3.14455226318312
2.9331372825336,2.91662500658243,2.96198236096496
3.02279920502989,2.94525036480014,2.96069357595199
3.06565534369089,3.12225872555906,2.988523668524
2.9409362575216,2.91247468421421,2.95886666264404
3.03804688394612,3.08066859159188,3.07975036663098
3.0443215865404,3.02389628240316,3.11180269523203
2.89565680274872,2.9197407878452,2.88158645694292
3.12721890963889,3.16449271483649,3.14092032985612
3.01382067927527,2.92484648640994,2.93845080942003
3.09480410947065,3.14750162241677,3.08418333523499
3.02934255010257,3.07043427971054,2.99594671438605
3.06816158919072,3.047530098221,3.00969537353653
3.11554862169544,3.1521260502892,3.0970493635621
2.98789508534349,2.85897341213281,3.01620354206053
2.90957634142494,2.97540164692083,2.93890188984791
3.06132531799001,3.1104001356837,3.08491100654092
3.0120629283785,2.9771697150612,2.94308802675376
2.99446658395179,3.0829494804491,3.08518873288655
2.88395636452804,2.80057402489573,2.8916176020738
2.98509710801305,2.95926613541113,2.97791318038701
2.96954971896794,2.94036659209128,2.97413305529015
3.07214454564058,3.07476635492128,3.09036130031637
3.01622891903846,3.00915602954659,3.00897505101786
2.83995824701303,2.81103625928539,2.86260486648238
3.03270605844128,3.09693897604888,3.08630689364901
3.0856799990053,3.03416009337034,3.08761883338809
3.06795972903008,3.00679227660352,3.10477445635313
3.0515325582972,3.115169368523,3.09304718059812
3.06114251856662,3.13761207069017,3.17953509181503
3.10389592526542,3.10023363528981,3.07448204544221
3.02764342991945,2.94821880878274,2.96223990413096
3.00895990239114,2.98426737435237,3.00291108814232
2.98007148387515,3.07285095466589,3.0682714698049
2.98117637687379,3.07227458992632,2.97353990973913
3.0255298950999,3.02586621233334,2.9780557654188
2.81484988341544,2.56610866736859,2.62280871366516
3.09286908284928,3.16043163588,3.12344795886356
3.03260162623967,3.01993483106354,3.02802119746343
3.01518640964735,3.00396003592902,3.08362185449127
2.93155443845554,2.88814918405749,2.91425795423603
3.0606546051697,3.05803423163547,3.067708287116
3.02369866956786,3.07004777700453,3.03881855982926
2.89734456835001,3.03128211967364,2.94624144848188
3.11535455590812,3.1215898921757,3.06086027195887
3.01849812348687,3.03730848955213,3.02409716468105
2.94083731207817,2.84670925756283,2.83994330060952
3.01602662434554,3.15865352957818,3.09043717819689
3.01589581883485,3.04638265844443,3.06337483060531
2.97646041875465,2.96327938214774,2.97616270336145
3.09731430344293,3.19180917599992,3.09989411706779
3.056417489439,3.11796903220486,3.11541487006553
3.04015921635512,3.16248720663391,3.09428365928776
2.93522209114611,2.82629862734903,2.94048724128152
2.96687119553584,2.98278589651491,2.98110593989477
3.12141609299303,3.2032850775812,3.17135155312902
3.00952281722388,2.95972113605422,2.97534489170641
2.90218226648181,2.74995028784217,2.92574334519557
2.96521198185722,3.00550480652205,3.01389467781433
2.97903960415725,2.88939746446867,2.92888306584567
3.02393356335234,3.06239096298537,3.04143840672429
3.12637027198843,3.1350348127818,3.14523913425884
2.9486218372079,2.88728772307604,2.8765765919797
2.85561824851321,2.84966856429431,2.88222978706377
3.01026735712584,2.98916268952616,2.95419065962526
3.00157881040371,2.98133854674811,3.0091695535485
3.00058029188473,2.88616409995931,2.9914720605915
3.020851398536,3.00774139462465,2.9769850358921
3.07157299671202,3.1580384629256,3.06942386964934
3.07581070826181,3.03298256203264,3.02418771226391
3.09449707440241,3.08067675109172,3.17068389799319
3.18428748831511,3.14556345990419,3.08743036526813
3.10399814915297,3.14471317986002,3.12156683100067
2.96121191637611,2.86388748418983,2.92467366730207
3.05242310950467,3.0806467687058,3.13683619532487
2.91472730488413,3.03738265512194,3.00656906653119
2.99861368296959,2.91873012997609,3.01513249907404
2.972985750927,2.93859297051052,2.96786601166696
2.93576637492338,2.88849745582331,2.93296763873736
3.0724955157681,3.1593738909416,3.04024301756546
3.04215199155172,3.10806908675011,3.11644668868796
2.99839040226728,2.99965412538199,3.00911168970894
2.96239889333218,3.01306116889737,3.02983969389633
3.04234253997963,3.05576467561862,3.02584397894102
3.00449600002967,3.06988308151482,3.00336707384256
2.84367067978735,2.83019745906602,2.8574850358615
2.9301455782149,2.90259485920999,2.9030903290667
2.96936501668539,2.91593707188837,2.96917636818732
3.09864355381367,2.99767512202047,3.03043298573456
2.89899408428883,2.88350061836082,2.91377595867129
3.08958398786197,3.10549951337558,3.02244193243011
3.01231822212674,3.07649419538263,3.05892408504146
3.03635858007512,3.03798995454164,3.05843950059853
2.86693276795609,2.86624232302729,2.85004063815885
2.92087116363155,2.84063233655774,2.89274701777903
2.96153495864441,3.04368197656229,2.99434896861503
3.08292905046896,3.07984301489619,3.05284532688124
3.04943343519929,3.03137508116632,3.11571776723579
2.99044045550204,3.04126416505219,3.06682841914936
3.08759817743613,3.06491077477607,3.02836548171149
2.92733790450733,2.92611280893515,2.89688784440896
2.94104438849836,3.0766640031846,3.02069119745978
3.07885400062581,3.05668052931728,3.09735018462237
2.98730927598095,3.02211024028937,2.97334584816674
3.06702720652694,3.1227156208649,3.03951744989799
3.09493607122076,3.13616700073109,3.07704412555726
2.89939709170453,2.93388916473744,2.93387156279193
3.128078680233,3.24783777856915,3.20629535962631
3.17525935040066,3.23035565326567,3.22217501399758
2.96379911341352,2.98977089599846,2.98928973586864
2.99682936788547,3.14367372702282,3.03966276184263
2.74347770579519,2.65983840571379,2.73403734082021
2.96391332430535,3.01149295852599,3.00051076480819
3.0244305526962,3.01743817304021,3.00323307524868
3.00607644806344,3.0965975634868,3.10700280113351
3.03323987294902,3.04086748431019,3.05696252138988
2.85050819684856,2.76198388151573,2.8348949082274
2.94175025840508,2.84017645073455,2.89838951220237
2.97553313500414,2.98610861311693,2.96439675760081
2.83555264759918,2.85827743382841,2.87453669054044
2.99167807998677,2.96625068015686,3.01754254256894
2.92478210346275,2.91340445855106,2.94067272690024
3.00563422310697,2.94075353150445,2.93655056118526
2.92731951535737,2.92592336963495,2.96506027328304
3.09391113730882,3.15170251952341,3.14350347198678
2.96942337927976,2.8780898187006,2.90624097296801
3.10844503028696,3.04536274588278,3.08753270708853
2.9291428419109,2.87727064746245,2.89486552860289
2.90285841895706,2.96115272691634,2.96528127511984
3.01944457153908,3.00438020332627,3.00312698241022
2.98576823925701,2.95976150407574,3.01090973249381
3.10076454890865,3.05304381014791,3.05395769072717
2.9343628261527,2.82598332617413,2.89530152528597
3.11579963455316,3.06271923158371,3.14029036925624
3.04084447080154,3.07592899055253,3.05012041767646
3.17637740475834,3.31783238179841,3.22842584414196
2.92810950944886,2.90948571695664,2.95019620812656
3.16556222438982,3.20791964772778,3.157673454526
3.23514040035048,3.23554367394987,3.24823617358133
2.98851693264057,2.88502843185919,2.93855942576125
3.06664553297882,3.08999112608611,3.1867117156921
3.04587782874117,3.06903122838786,3.0324355163572
3.14930310962407,3.16897613174375,3.19679683616693
2.98076780993022,2.96793815672804,3.01991813860485
3.22122116552266,3.32681763760949,3.23964593578201
2.80596153698079,2.646236720813,2.64750522387433
2.9457084821041,2.89093802264579,2.98038303685294
2.9677106390798,2.91268262889357,2.95762502323046
2.98063511558203,2.99643512502834,2.97630960786015
2.9038526816048,2.80207712252902,2.93693556455661
2.89763101837181,2.8427964348042,2.77977648845497
2.82425286136361,2.75723875115635,2.82961570943066
2.98696984154341,3.05946655741177,2.9726498052255
2.91308140264631,2.93848372205745,2.98217380693653
3.08722905606914,3.13817806600237,3.09048415509559
3.09576362548752,3.02319786951282,3.05013807218251
2.83010768987199,2.79285841430303,2.78921658617172
2.92990375177947,2.73895826537573,2.81118323934948
2.99303943994126,2.96700728341123,2.96108769664814
3.08219770694059,2.93311188079419,2.99276596001492
2.99986475380644,2.91352295460289,2.99673111892671
3.04699654218141,3.09820379661953,3.02882365378548
3.00489705611747,3.0206293533377,2.99708310631112
2.90243873110259,2.84870795340502,2.86897503891066
3.06027251093199,3.13592781306193,3.08894508138293
3.06403165348074,3.08389690260809,3.08210085137533
2.93345346110167,3.05064133837899,3.01819928964485
2.90803416799548,2.83792068761016,2.87641090954061
2.99182496414782,2.92553414306627,2.95324619697738
3.06419631796017,3.07908490010384,3.07818250628313
2.82359562078497,2.80381161326057,2.83907285613358
2.83782210572391,2.79159709053346,2.84921287230308
3.04407819425696,3.01880388886147,3.05084959216194
2.86913431100675,2.7893016719686,2.85591766099993
3.17149984579977,3.12986949602213,3.13613685225771
3.07240469407847,3.09727748450328,3.08883614485919
3.14987231965363,3.24050406529027,3.16260166764209
2.97480696448211,2.91851435265824,2.98796797011057
2.84490027056261,2.63968255907583,2.74806166281436
2.99289622721932,2.92909804044487,2.97888945112456
2.83693870580732,2.75824451402825,2.79250838103561
3.13900671555844,3.01191242609785,3.06463564015473
2.98273050424618,2.97058703917668,3.0123184181284
3.15861080735748,3.19323675334196,3.15074899564427
3.12213517187158,3.12330941298984,3.15600866478562
3.01334642668347,2.96253612350955,2.96673924133637
3.03107398995706,3.01344207882881,3.06210857821822
2.90699632855444,2.91424922486306,2.93617482205688
3.07577981953261,3.18489048571633,3.10858304045621
3.10803158903101,3.19705882023836,3.13167339076395
3.01775820082866,2.99614044991639,2.97498020153374
3.10942864169993,2.99081677199945,3.0086929038324
2.92698125565676,2.8930606393674,2.96326353827068
3.06280128683198,3.00525179953826,3.00873754783111
2.88631261983883,2.88187513386685,2.87535910316794
3.00348253625535,3.01445611214392,3.01317399582112
2.98145305072134,3.0483972703424,3.01549457344573
2.90150285511228,2.94767610973849,2.87831503733923
2.82046162488274,2.86030727155272,2.87266840246604
3.02250257166157,3.01200055369368,3.04566639009744
2.8993269594142,2.83432714448556,2.85149876054898
3.00669046191265,3.10436502030618,3.08307774250146
2.92981734520961,2.89650502222163,2.848226026231
3.07503246669484,2.97173157260886,3.00038500145105
3.01248094964583,3.06189657604161,3.01082822066983
3.06242759914169,3.11612736525244,3.13991510406504
3.16906022806133,3.16474729525458,3.14862348877668
2.94798687324414,2.88863280440574,2.88787919410083
2.89767738581693,2.90755099048444,2.89428779532053
2.91787388323419,2.8560122874764,2.86955862500803
2.88494986074248,2.74564790048296,2.84203108231894
2.98078000864642,3.01591579904982,3.02944071229692
3.08603867989993,3.07893641928198,3.00816073861403
3.16144307435181,3.20470250300172,3.18387421733437
2.89838314831119,3.01241119244702,2.95960746204834
3.05275305119345,3.02837505689318,3.02265175625419
3.02681258166683,2.9040382599064,2.97945924668767
2.88080616499215,2.85983710016076,2.8647349995873
3.0042374518289,2.91617669598298,2.94809154788829
3.05977327440398,3.08081530369775,3.09059255122681
3.0249819023417,3.08134731478108,3.06991689481344
3.03270755138771,3.09199332921575,3.05075499353629
3.01632569723894,3.01154353328104,2.98610725128457
3.006519613786,2.94924561520153,2.9355221767872
3.03932567093935,3.07745898247475,3.10106934881583
2.87714042209589,3.02475157651846,2.93345676662406
2.93275031049475,2.95043124749605,2.94186345232285
2.95571741599811,2.94679002758006,2.96696497695218
2.95267865065887,2.89033928568091,2.91528532876327
3.0565806517708,3.03553163538929,3.02534907059065
2.99698661462722,3.01932046276728,2.985524815924
3.1120117988789,3.17386724055282,3.16563533871005
3.01549159218894,3.0761698212001,3.08781241111844
2.97630898228864,3.01728812119795,3.00698542403337
2.88521761342744,2.86368823755502,2.93504457804411
2.91008499004332,2.85815426429728,2.8881998714693
3.17174707179746,3.17096718317495,3.23737653880366
3.13750678398982,3.11592724779905,3.15551730960177
3.01582633448536,3.12549908263241,3.1321949183942
2.91022497096671,2.9038921835656,2.9628268017438
3.01937864339144,2.93896778459315,2.97042232084782
2.9074744897983,2.89472034253873,2.86376335801307
3.14329308038835,3.12701896834896,3.07786997857343
2.97652241148223,2.93957074103888,2.9227683143278
2.96123357538361,2.92813976541149,2.92242820383678
2.9225324177749,2.87128999110429,2.76847756352948
2.87508133951112,2.80005473682733,2.84369370812354
2.98988570618068,3.0492911056288,2.95619225680271
2.94660791902107,2.97495713037756,2.99965966927644
3.00418889130481,2.90794407686343,2.95474839433187
2.89989474722635,3.00405724245809,2.98570632902666
3.15609475773177,3.1948002078542,3.16614624461155
2.95232458275646,2.95055961169591,2.97532227770337
2.89595326036791,2.81842351115228,2.90185784775595
3.0178442017616,3.00775474668211,2.98507170337792
2.91549282134866,2.81990009604655,2.88971347298166
3.06009788106868,3.22614635188723,3.1551796733647
2.97474050181507,3.02456656782159,3.01586315037562
2.96267989498076,2.9444426708345,2.99854607801602
2.91853194594402,2.85018127116733,2.89378231152812
3.05250893598932,2.98859396613739,3.07927481514253
3.09112032000576,3.11466766289098,3.13143178455108
2.97275526364829,2.94952141220536,3.02757120132404
2.9167561389937,2.77300405389923,2.89869849069209
2.99331634482021,2.90521476885465,2.96096417905553
3.13479205469971,3.13995524661504,3.15103530457279
3.03421292850326,3.0171225949757,3.06224013225085
2.99085885274727,3.09673178990264,3.03383387294388
2.99086699882838,3.16616483636844,3.06863647686426
2.9463616247699,2.94521784065932,2.95748581754773
2.97613677766168,3.02826108702032,2.99657578366205
2.86489638272699,2.88578912437386,2.9059510134763
3.06342376385438,2.84164307834503,2.92180959836819
2.94454455968338,2.96828067075605,2.92220481225983
2.97142438543781,2.92891431789393,2.99198338405836
3.14751653378235,3.1096042199024,3.07563355187301
3.00247099733626,3.06919905144257,3.03985333610534
2.81367762138259,2.79678159115218,2.85780372848933
2.95081228035466,2.99266294183276,3.03379484488937
2.92611558548182,2.90354150928236,2.90847139384537
2.91570550178296,2.89448653492113,2.8863858456596
3.14251636442773,3.2489218275565,3.16676343383255
2.99968984187098,2.88208808824344,2.81427738877475
3.13987055735514,2.99205826549822,3.06569052903008
2.93221288878442,3.03342075352174,2.97965376836104
2.97614297498699,3.095258440707,3.02710262961638
2.97064412140465,2.93997620522863,2.92534780251709
3.1751468081589,3.10615039895457,3.11426406617302
2.93595487485491,2.95609551284461,2.99198420559823
2.90077422955803,2.83745573418804,2.89011237999618
3.07314261210176,3.15494390649599,3.11404671987734
3.10114068993702,3.10666338411631,3.1480250893501
3.03680493726638,3.04028999981351,3.07363662876363
2.99300367445321,3.00292395072604,3.00521365071058
2.92989467523254,2.89712171777175,2.89267317049117
3.01715249506376,3.00417796713335,3.06065674827645
2.95431908020961,2.94040541847888,2.96751661614988
3.053901572576,3.21667969901313,3.10218042556178
2.81117369489523,2.71427109391073,2.75774466018556
2.97641374713677,3.03201170826926,3.02258277247269
2.96728832358928,2.83807930061582,2.94156190064934
2.97107956940631,2.96068693333021,2.96107833519623
3.12179571575074,3.12466878876507,3.11708365035871
3.08988667942825,3.13327101983646,3.10097459015019
2.99931781860657,2.92614800106,2.95329543197403
3.09545624840352,3.08261761831379,3.07407307886381
2.8886312464192,2.88647336238626,2.97816377067191
3.21325574708349,3.37324112936753,3.20987488580265
2.98958848821697,2.9734094880221,2.94884944189227
2.98390504010287,2.96632454927945,2.90744714919539
3.16087828216873,3.11052413783013,3.16187843682812
2.94907578976689,3.03354192009444,3.01588900813413
3.04905200562311,3.06599044964404,3.06518586920835
2.96475370525487,2.89307317791542,2.95867427093087
2.83561406784994,2.83921446052248,2.88217900174262
3.04483425822003,3.1151713959524,3.14714438439404
2.90771861910631,2.95496912364624,2.93351799520231
3.09329659568047,3.16888115885373,3.16821472103808
3.0420622002963,3.08959806980019,3.05922329875955
3.11746354017091,3.16418925874134,3.17513004977004
2.99978883792279,2.92468542665467,2.9867278548145
3.08573245363005,3.00199872932303,3.0710755873838
3.04530789893694,3.00844122206045,3.05846568570359
2.95204631431693,2.94831831843798,2.9516246315774
3.23403722947767,3.21678660416528,3.21184936166568
3.0890301557176,3.08512368979886,3.09184417569796
2.87994777593175,2.80014835366114,2.7996270401036
2.94450379249481,2.99377405467135,2.93839030340588
3.08040053705348,3.11086108049215,3.11659053367943
3.05149752951018,2.97128041944706,2.96226437130903
2.90726631898211,2.84224627303292,2.83357934312149
3.07021027303685,3.09971775230201,3.09439195001017
3.03077495617198,3.00895495613015,3.05189998179423
3.07437221560119,3.17235190139308,3.13659344925151
2.91219736841089,2.85088011242099,2.87231685899567
3.06745983975643,2.88468040222883,2.9445252232098
3.01743812323376,3.00511773571827,3.05250348393298
3.11246621537919,3.09128423291645,3.06077833500093
2.83587482087542,2.87089685153108,2.85330639861884
3.0382972191775,3.05998354055333,3.09939904848635
2.78497364277122,2.87443375963997,2.88036808667377
3.08150179231483,3.09455351722993,3.07643635233465
3.05463257895374,3.09472088972894,3.06436853184036
3.06300624795213,3.00021244973223,2.98464938215334
2.96123232916598,2.92937721585525,2.9347367110404
2.93688442486643,2.90258561820008,2.93677148745462
3.11811154216406,3.15759672461732,3.09221541276335
2.97986690063731,3.01530607170938,2.99247213961819
3.23090269606986,3.24227574474756,3.18010234737469
2.95721860224788,2.92865265510891,2.97558068035085
3.09456760007577,3.07453717199593,3.09593481400843
2.9647302409226,2.90113324926503,2.89713808334367
2.948273345951,2.96641932433535,2.98791112928296
2.97725262792202,2.94976484651278,3.00454739522799
2.88375744484915,2.84537738898299,2.89315478564907
2.88365482333931,2.87546944286601,2.89263257605477
2.92081490629766,2.9070275026909,2.87501439273024
2.99726655348961,3.02911101999695,3.03477098479379
3.04966774279466,3.10497214686408,3.09534635853199
3.17621378171133,3.14150442293792,3.10344377445418
2.89676002535251,2.7706710023565,2.91579549659217
2.8051191746868,2.71606488834311,2.76973988049401
3.00009541992738,3.04919345664813,3.01422305423545
3.02443442393392,2.99845773214909,2.99669194986331
2.86590743757876,2.9036104292549,2.81537786769693
3.05785918328133,3.17459740364397,3.13812905353805
2.98887419186131,3.03646882525858,3.01609536232902
3.0124719557586,2.94708846297266,2.95552060955104
2.98947291539081,3.10255562478895,2.99982312068535
3.1104573161483,3.19656254088205,3.11229625758935
3.1081774113636,3.18468070002395,3.13688378124118
2.99372140092104,2.91159825457051,2.985775514798
2.88794634126701,2.93074567876057,2.89240531428172
3.03668435369484,3.05507072947392,3.12120114921301
2.95775726450618,2.97691903719648,2.97588494770094
2.86937846204929,2.82288538087191,2.91569675673282
3.06479760430431,3.03673075220228,3.0301093043993
3.12222381016059,3.03893121354561,3.10574483912864
2.98577441304469,2.92464359290571,2.94082992225221
2.99649578150599,3.06049870415221,3.10354199955597
3.00305754354993,2.97852013198844,3.0265576254693
2.79557862088958,2.76822836673134,2.84130788589301
3.11533954454733,3.09969958895654,3.13638466775565
3.06627682877972,2.98291182607798,3.0005313084852
3.04385271835205,3.01431414248428,3.03965161700515
2.97893800969602,3.046760343452,3.01460859371601
2.84545536411874,2.80827992627016,2.81597303185052
3.00992329146028,3.00254249156935,3.02183229709444
3.18049810386114,3.21946141214415,3.16467075178624
3.01597059360961,2.97654287187953,3.04764625991854
2.96518091320462,2.96405407756181,2.9885223533239
3.16407775374787,3.20819983714111,3.22320076221654
2.98821755263128,3.06267798213225,2.98211766496095
2.94171335468842,2.86366840031299,2.88212933774648
2.94670107866428,2.9285391304131,2.95873306996465
3.13371711898324,3.07544663197307,3.10247681877474
2.9982876035168,3.04927959302221,3.0057792017212
3.0818127136191,2.97833201295201,3.04982612130319
3.08836023003986,3.07799305581381,3.03400796652426
3.09499023027304,3.19410032304793,3.1827256745748
2.93835062252492,2.95162422530223,3.01882638709773
2.99029079065866,3.05751588005849,3.06756728893761
3.06364716568254,3.0257123393024,2.99336806107553
3.02689111722204,3.08649979714976,3.11767240549373
3.07718958113175,3.04521635670392,3.05866444031087
3.12964376223435,3.04800795842192,3.10080080617977
2.90511086895732,2.89522093742799,2.91422999958957
2.98655239246744,2.93930607752016,2.95326752988587
3.08132722917146,3.20994321896492,3.14065780852769
3.0992080596879,3.02882264981194,3.06500305788025
3.17772895327083,3.20417025584883,3.20297932345387
3.04704080990869,3.10051867622578,3.17315436189909
3.13281089207803,3.08092419978796,3.10674199029633
3.02220209335771,2.91494804876264,2.92378243349197
2.9895169038648,3.02606602804351,3.02909239656301
2.88144150427734,2.72544187084013,2.81399196863258
2.98364251726101,3.05765839968573,2.97456317166694
2.95366038998358,2.81281965670245,2.88359440687851
2.96702947192018,2.89488439852266,2.89774055637872
3.13129977594379,3.09192294075797,3.07110755697545
3.074758157731,3.05782191857932,3.09088128499536
3.16135502237862,3.14787885873929,3.1695317909174
2.97171539116833,2.87234234529696,2.9463700390737
2.9690213333937,2.88216272905049,2.93783482150638
3.06856116668248,3.10401645032302,3.11292958293819
3.0712868049086,3.02665982733488,3.08117174251071
2.99822436043156,2.9449066461925,3.0259339801726
2.96666806128836,3.03949690572383,3.11543763213149
3.19090199118427,3.19650104066157,3.18731175063789
3.11577691933649,3.17140212334243,3.15933942363049
3.00960805961766,3.11107056977822,3.06510956185714
2.9093176447995,2.7602987152905,2.86077066763357
2.9666718710037,3.03651481739959,3.03511215253276
3.1087611509189,3.07711612650593,3.09347465897922
3.02077443163144,2.86948952317135,2.9746540364176
2.91397855590595,2.8945608733909,2.89655242452298
2.92285479524749,2.906607290403,2.90873923375169
3.079690618385,3.11595945928905,3.055405679719
3.07963347614044,3.15672167767718,3.13890555587328
3.03652773239765,3.02686606692144,3.04519230312775
2.87813150875398,2.83822636048445,2.8967374685542
3.03839997556583,3.06497241655812,3.01938480648696
2.8189578165995,2.77047317901678,2.80134864821983
3.13783645112681,3.14678234133665,3.18392917462304
3.00004442438195,3.082354695079,3.04205236888557
2.9665220518085,3.04079956612685,2.97026062745327
3.14125349899584,3.16262853122822,3.14950662342726
3.02254204106963,2.98188281198499,3.039640976876
3.06935768374084,3.03881239815107,3.04916195526522
3.03018913342652,3.09478833432267,3.01544627396021
3.06083379057744,3.05114843598676,3.06148003573021
3.02720302000964,2.96187017904493,2.98951268755864
2.9239669917654,2.89411720323561,2.9396898806279
3.01428645315602,2.95104032187108,2.96821285650802
3.02075412623951,2.97962327041819,2.97539692713091
3.09608397510664,3.16089987009305,3.1339949586311
2.98993546189945,2.94455114878102,2.96700438947268
3.01130047423629,3.01865720134543,3.03747498003192
2.81688679350576,2.71614747471005,2.70911544671771
2.99207802642163,2.98072337418964,3.07479926060403
2.99229254087288,2.93378995407846,3.01046080590496
3.01404958785245,3.02203092917798,2.99592384968332
3.16518709095831,3.21142712997694,3.2323268512792
3.0243868362659,3.01890019481269,3.04494369034025
3.04348619219835,3.0628066125801,3.07585284882525
3.04055104254505,3.05452602263822,3.00257225185082
2.96960756512167,2.96620577812555,2.94232082631517
3.01723022698524,3.05362593766783,2.96710316874259
3.09538028992898,3.12800672900661,3.07784340458114
3.05687800782975,3.04899003339072,3.06180354164006
3.12906370209876,3.11976036514526,3.13085315959901
2.9704737664099,2.88593566136947,2.93067984945335
3.17235184255756,3.14661374294769,3.12904230297018
3.00976859432309,2.99879240231465,2.9468081121415
2.93303426881111,2.96952299350241,3.00742899973345
3.03218948227202,3.00419577716535,2.98366351348555
2.96389891602085,2.95635199287328,2.93248344930716
3.05264889943715,3.08614527775613,3.10070513893996
3.03535850619532,3.04638816086283,3.10062732745686
2.86984762784931,2.76351084129751,2.84001753314117
2.98802094947509,2.93063336487539,2.95314447224131
2.94478190940429,2.99917663221309,2.94973845691528
2.89291778658965,2.82699335552866,2.93753725423718
2.99962901062341,3.12233053497607,3.09166162023926
3.01397849198065,3.04750937494507,3.00646296778541
3.09366128157443,3.14160554638201,3.09420180125183
3.06407297593382,3.06067929391538,3.10806045443056
2.95660308390414,2.92602621828374,2.92527238741979
2.83095464574511,2.69003077676768,2.78061973856276
2.9350812741827,3.12366809864633,3.01370851638979
3.06870020169926,3.06893756558271,3.05304994840237
2.97774954812207,2.91775455514365,2.98194078580264
3.01436705367625,3.10750895331452,3.03286970061386
3.13513385541126,3.12892597221731,3.13307312319773
3.11223964919852,3.08348967046848,3.05994596819483
3.07521710737998,3.07842552839436,3.07848988561771
3.03486256528734,3.16125887258089,3.07305020912248
3.0182261563312,3.05160512696366,2.97356196188251
3.06826874702084,3.11156570526252,3.06214868723088
3.00770968584719,3.06707548156224,3.01190225102361
3.07949515379201,3.08175078457093,3.09034555801313
3.01153770773563,3.05550583148047,3.01204915169417
2.95930763215925,3.03303251508457,3.03228390320026
3.19532899187115,3.21789285351381,3.21517386793508
3.04588311418474,3.14232073146634,3.07453320087446
3.01436938188323,3.07306428092123,3.04418529160504
3.07112860229426,2.96264928727048,3.05141246303867
2.91526306656084,2.97000835083352,2.95846774549557
3.00050063697398,2.97222233171894,3.0453751573036
3.09250076607324,3.0094723368765,3.03165518250355
2.90767307509247,2.8262010265738,2.85393318974566
3.1105883691209,3.08941943425455,3.07998272341953
2.87718958807226,2.8723781720213,2.90533882949918
3.03514190903968,3.0206843034574,3.05073064698623
2.95217847873881,2.99125817043508,2.9418077711412
2.92513552080352,2.96133867062072,2.93347594830362
3.04884478852282,3.03240028717256,3.0807721756672
3.02961117719189,2.97790056711386,3.0604376137375
3.004386794738,2.96462612194639,2.97356900099783
2.98249755965193,3.01518802457408,3.02437409614088
2.9885767137607,2.94592669888923,2.99759396633742
3.13427018508517,3.23262524859499,3.18299533940644
2.91251414583993,2.92294183876711,2.92526178202554
3.05527916457823,3.1019009888584,3.07038999271953
3.1092567303346,2.98269933475914,3.02585357234546
2.91496035278161,2.78692263359576,2.88058241461124
3.12844040177439,3.14264242067953,3.12938038912054
3.07871919153425,3.07732896300578,3.07350227055993
3.09723093940021,3.12259698027521,3.07285105474964
3.04031967962313,3.03927247500867,3.06050716583008
3.1031288290982,3.18830071137499,3.17127876117227
2.98928859458101,2.97126268230142,2.91190129604743
2.99448396001662,2.99167345110504,3.02082006979366
3.02560119868444,3.03836804402196,3.0298348896771
2.94648703897523,2.94357638437916,2.94427235820831
3.03807706177581,3.13952492752984,3.05714538436948
3.03419052205074,3.09018119286807,3.08349503640008
3.06355936491843,3.1427080118396,3.08279302713755
2.96235715326997,2.92582395778816,2.95198307939983
2.92165691455321,2.89437291367846,2.89391998717398
2.87602646387916,2.95085426727532,2.94206724762095
2.92536158261256,2.9681401324833,2.97929562862489
3.05087149351578,3.09661186541108,3.05654027407493
3.26094174513557,3.28842358497526,3.26199299639656
3.02977277656344,3.01798188645904,3.01973603327582
2.9691604064508,3.0722930462078,3.02977569440929
3.03146850517297,3.12525592439549,3.07799697366482
2.94647198751268,2.94993884874729,3.04344548207705
3.0308108069494,2.95952213233121,2.99241794004544
2.8669661644287,2.86311745080555,2.89893455287442
3.01211018353325,2.92082905973437,2.92444265466558
2.93437776378358,2.89093689592284,2.90189266940746
2.96836876880003,3.03866278592244,3.03179491762931
2.93867825973841,2.90389277888943,2.92266155495734
3.04731605681237,3.13848281864449,3.07745243936047
2.89530521974519,2.8595817936899,2.82002928251634
2.93169312776597,2.87626276517253,2.91353742209536
2.93035905273106,2.9703446180935,2.96254040424735
3.02337209065331,2.94498647276732,3.03561688642567
2.91829371729281,2.84241129840283,2.88541859672513
3.07256307046996,3.02397115324662,3.0373631071926
3.01076678651022,3.03701234647824,3.08052698178847
3.02799118334951,3.07327899473475,3.04780428808979
3.06885013420975,3.12586775455099,3.12656343634938
2.97184138908216,2.98959328147187,3.01764417777983
3.04041944989825,2.85818466860327,2.93267741201253
3.03645014780029,3.07532144527634,3.06223385022364
2.93455955719274,2.90978234493451,2.98705989239075
2.96064900166793,2.93055504046337,2.95913177566765
3.0684486704281,2.97632643136122,2.99794960190205
2.96240953008072,2.8988996033502,2.94349417730163
3.03346384766923,3.12864405139138,3.07078026206073
3.04743159138678,3.0092125429428,3.01087705250191
3.08572231008889,3.01646285062098,3.04539925965891
3.04273893565972,2.9602202817886,2.98609952097858
2.86569800794371,2.91920933432542,2.88562038700406
3.07599298455714,3.1999267230921,3.08226772751015
2.84173218697285,2.77711618032504,2.83224010957011
3.01023254563061,2.87662569334745,3.01578765430974
3.15430718643828,3.23578790028503,3.19820488526584
3.23207357775286,3.29118719508329,3.19222993990052
3.02224751680741,2.97306683187647,3.01782515371511
2.93933692384039,2.9581768243985,2.91413857717342
3.03741840734623,3.02893585080428,3.06619651047399
2.78561140892208,2.54968195734519,2.71170861549056
2.99555069986172,3.04058835978658,3.0292563407595
2.99162699035185,2.93648038389042,2.93589205783174
3.01273074414826,3.0257166996978,3.0395702163505
2.99992197176019,3.11221908196172,3.0635277796737
2.97133155051604,3.01046961063193,2.99050016235449
2.72647805576759,2.59019849722157,2.70772092455097
3.11307383876405,3.20240903571926,3.10654453232212
3.21195664755334,3.3254390853055,3.23399065087796
2.94440933084159,2.83351672525722,2.89461155037131
2.95101616549882,2.96077812558632,2.99730854199799
2.88483596276063,2.90167897927594,2.84536107734052
2.9819850240591,2.91240588998491,2.94877761734236
3.0048625104697,2.99651716944729,2.99614143865143
3.1145947244303,3.04985796279209,3.09855981071417
2.96668543788217,3.07822407995447,3.04155139828977
2.94891118736811,2.92524419493016,2.93543623355183
3.11508117461277,3.11030286257431,3.14051537582986
3.0546231902103,3.0537729243821,3.08951736110881
3.0352786271555,3.070682269225,3.0676888102348
3.01804151775708,3.01561358815252,3.0382979211518
2.87660505890132,2.92713956254673,2.91666210151257
2.9557159496107,2.95905223922482,2.97494692957966
3.01948520688515,2.92033744674566,2.99369683029618
2.94182503082349,2.983850723807,3.03067008255291
2.82944480557012,2.73083947680667,2.80923533848368
3.08831193740197,3.25087331235954,3.16511487956894
3.11123488801275,3.11600858180998,3.09125592978063
3.06651923688901,3.06016410877828,3.05098689791011
2.99964533759251,2.99857404084365,3.05521449705771
3.15986129321592,3.22173327647912,3.17766291286423
3.02758454386528,3.00819951819706,3.05154880846458
2.92557434997538,2.93859383253748,2.93481320967926
2.96523384879786,3.04641445172901,3.05203885444165
2.92970668108898,2.98488168148342,2.92033512647391
3.03800353021037,3.03600972690864,3.07403308098296
3.03288803304606,3.07623705300362,3.04449104440537
2.92558875551878,2.8667850274035,2.908415630208
2.89699974468298,2.95403916328798,2.93692812310625
3.06326768187189,3.00912019384788,3.02454265198146
2.90081628555843,2.89523303674071,2.88500362345291
3.01151517642032,3.09814385417824,3.10007551518051
3.05322044982609,3.03332078191294,3.09332431422349
2.93380712946237,2.91722417012404,2.95714373176156
2.99334076342931,3.05752889704748,3.00631092486031
2.95987529779866,2.96226794946671,3.02894931889472
2.86177377387254,2.81735417447434,2.84217157321945
2.95649002356736,2.96576044034336,2.93946450122968
2.91410760602432,2.97725390004274,2.96966538336055
2.96480331483088,2.87063863591661,3.00457276862166
3.14433459559645,3.25152197715976,3.21008457242036
2.96325384624443,2.93856357238199,2.94069600639704
2.94380404899289,2.95859093912682,2.94303328091669
3.0734737282679,3.08633203585306,3.05922786653068
3.18852872268495,3.19416363213628,3.15534459540319
2.99429393541232,2.75402787099211,2.81718921108499
3.00102095713636,3.0066508928728,3.01302745478581
2.95354889297376,2.85966307728821,2.93620460934214
2.97134915639267,2.9249901873676,3.00836158936054
2.95551637688471,2.92538785931971,2.95664573699059
3.01851896424482,2.96139942972258,3.02961325225324
3.05847416735984,3.19752305791935,3.1463144568998
2.84977529096148,2.83022015164764,2.78133417183416
3.09172448728751,3.19735151982776,3.17600500754938
2.95862911834548,2.96858522550384,2.94915924244921
2.92596269698808,2.94620814540154,2.98194373477582
3.03520170105754,3.02474313211964,3.03662418515
3.07327086036636,3.17339120555134,3.09734460416682
2.97328373594051,3.05743868337431,3.00598738561963
2.82092116602692,2.83738659969584,2.79779881872796
3.02357598570769,3.1264334212976,3.10340814757988
3.1076130513337,3.12977149821307,3.09973529221831
3.1344934090894,3.22770857374541,3.2040188080786
3.02329469529223,2.96451760752783,2.98920696884205
2.99785908725604,2.9759189096464,2.9768163366244
2.96709677242169,2.96800616537386,2.94791246424495
2.9612287630429,2.92206591722365,2.92905319234006
3.0187976373331,3.01403948239091,3.00466271300295
3.11227329667201,3.10867047941331,3.11842926134866
2.90067819910706,2.83058953949308,2.84850833773391
3.00704080402156,3.02534461447777,3.03615332554645
3.03386822739852,3.01105773142699,3.00280733433147
3.23548990746398,3.28408635907662,3.25302513886603
3.17896121518782,3.27911306824912,3.22624223135347
3.13578452044782,3.17187323513684,3.10566843597151
2.83264736728158,2.7685875913441,2.77971687725127
2.97739762793359,3.02005740929145,3.08239629202473
2.94849549044072,2.94092029661736,2.98155823832285
2.88947949432141,2.87588512429572,2.84854292811884
3.10859936779826,3.18407114647129,3.1003171273367
3.06647962285791,3.14476514405832,3.06490445419479
3.14421575242881,3.16203627701312,3.15514247597043
2.88620119302085,2.87489349876925,2.89942977612285
3.03572795752426,3.05960110914335,3.08892006628847
3.0298338592473,3.02945826911605,3.00192192847718
3.07912192067173,3.07861772880694,2.98298578870339
3.0815210860777,3.0899474941332,3.10910503203141
3.02692830794238,3.032642683644,3.06470252774382
3.0292055127123,3.01295287093025,3.01100824711731
3.02403095654177,3.05900892112083,3.08399166668238
3.20101505530513,3.30089504255409,3.17712920179745
3.04453253200623,3.02754721277221,3.0514730480993
3.19972118955418,3.36414336344049,3.23061737068049
2.99112589055056,3.01260771420587,2.98490274973785
3.12135850286342,3.10364392728664,3.13925918917449
2.95344615665218,2.90900007331035,2.88855955268863
2.97776737220473,3.0343783599465,2.98440715736313
3.02648651372672,2.95549326158357,2.94957637483577
3.10835721388868,3.13093877875144,3.10465715389747
2.8852767786307,2.88340779024502,2.91256053459901
3.03118428781262,3.11703670753129,3.11742954613409
2.85439514374811,2.81985903800246,2.89429887243544
2.92304566495754,2.92206715743304,2.93462080680395
3.00969248927727,3.0143385995312,3.03509337610515
3.06313586498734,3.18304449691927,3.10206329404458
2.93222796680625,2.95550774737955,2.96339411075356
3.02680918104637,3.02152403501518,3.01501320474743
2.80941304031432,2.6977653068434,2.81378966928185
2.92534452955166,2.98021564973481,2.91421810531863
3.01091400590812,3.11213813592365,3.05016932371787
2.99742688116203,2.94445409140394,2.92567024510342
3.06044659421285,3.12527731937347,3.12703922986578
2.89203746010543,2.87142807653503,2.86633566738271
2.96692626927557,3.03270798398567,2.986150377709
3.03958398296878,3.22619636211679,3.16914487672358
3.01144700693474,2.96812683033101,3.03648272007408
3.07762305711951,3.21145678117295,3.13589399716344
3.103247138997,3.12569291076906,3.1326121832043
3.048697201137,3.07875971586692,3.06675723789521
3.03793006057098,2.99590782444142,3.01043059646507
2.9608425287485,2.98330356823534,3.02783027436471
3.04761397211773,2.99560994287258,3.06178623499681
2.92926644516592,2.89624874494985,2.90881944039694
3.03157504275146,3.08015766672168,3.04405173440612
3.06149934167435,3.00993604350716,3.05213247688179
3.02517358320199,2.99184104972436,3.04973816435762
3.11744617408925,3.15324458017605,3.10566981494118
2.75555780760155,2.66978631171695,2.77961024637035
3.10634654662077,3.16059293609103,3.2041166935287
2.90389836495866,2.9340852697225,2.91392390700939
3.02808536452065,2.87917241054299,2.94694320498743
3.00984213723113,3.10703571697139,3.07212108459931
3.09790913545441,3.15159348635465,3.15548015404731
3.12957251195064,3.03283267837341,3.10074549590993
2.88335058687218,2.87494922916826,2.95177779350592
3.22597626149652,3.26874026352864,3.20035504159483
2.91649819726475,2.86758620264314,2.92099468466917
3.03756208064504,3.11921805324348,3.0939519484331
3.00915680405194,3.08322599897093,2.95803846095838
3.02153360401225,3.034037005124,3.00885751454642
2.94439283881358,2.94519192715925,2.94490292074435
3.08737494124322,2.99519037783631,3.09880942055133
2.74171188200685,2.7431750082442,2.78828956160264
3.12736757082704,3.07653776461592,3.11864462643255
2.91320827809697,2.8698665930309,2.89541969479063
3.16023137020459,3.23668632917037,3.16777799827133
3.16634750009691,3.27977422938853,3.23284618989434
2.86411763674901,2.81946464236106,2.86315571486363
3.13989646547293,3.16794249325945,3.11512199031556
