"TMLE3O1","TMLE3O2","TMLE3O3"
0.0280922116400985,0.0718029987218902,0.0210399795606503
0.0366636706062218,0.0702869306936881,0.0228866571057914
0.0323851838875277,0.0859703250604263,0.0288434035524777
0.0266897294018966,0.0953336389681036,0.0199693997104539
0.0251051018393717,0.0693404698312186,0.0256089219893206
0.0277414072673346,0.0696197700020148,0.0188105392831834
0.0335026211460008,0.0828514136721469,0.0236044136409145
0.0201303130990879,0.067372331851443,0.0173563769838521
0.0235597890640784,0.0477598562035611,0.0201383729207301
0.0196993089191679,0.0511277400143208,0.0177566787730661
0.0818575767920153,0.164328120020365,0.0325191253374624
0.0162464317454722,0.0594979364719821,0.04658003529515
0.0236987835505991,0.0526165173441603,0.0179689747384637
0.0195331752154062,0.0483863961373163,0.0162329801318344
0.0232216422707041,0.0566162074404459,0.0183822864236883
0.0322321650983902,0.0660692994694467,0.0273975889607005
0.0188851661668201,0.0618130378702185,0.0207864063976096
0.0173262800077598,0.0618298577227027,0.024843727472826
0.0359743068102813,0.0918682861874459,0.0223062554325711
0.0187427454457368,0.0576703572862317,0.0147802817529264
0.0245203760673677,0.052744703408917,0.0165670234163338
0.0609058716848156,0.0475555244677264,0.0559482628508216
0.0562730368875013,0.101603074431022,0.0403448154766848
0.0223357325691736,0.0616388511022293,0.0194543131478175
0.0312246493040586,0.122234417407744,0.0290433161505253
0.0167585084648583,0.0618479759208671,0.0135641851536935
0.015616203901988,0.0359119540667136,0.0140227133709808
0.022120390555863,0.0572727844627646,0.0189296163796462
0.0228607059657674,0.0592300781556132,0.0159780492832625
0.019985166299736,0.0605048954523076,0.018391722300055
0.0220596556702512,0.0487043117361133,0.0156853203419009
0.0472460133819396,0.0794203118797298,0.0273463793187275
0.0183686112817621,0.0491913817785003,0.0155514097902222
0.0211971863690125,0.0524159131641103,0.0178814524632534
0.0370311170330569,0.0815154269798249,0.0196863295842533
0.101774977915674,0.191275833611109,0.0830772859996152
0.0230798537301466,0.056836228800953,0.0216409615289012
0.0392637825145962,0.0855023694481263,0.0301387366560822
0.0412438570016755,0.0933373996622426,0.0280892501647577
0.0292958304266302,0.0709778292644316,0.0262355341162133
0.0192053835653794,0.053973418577749,0.0128306333054436
0.0246489912578788,0.0630178938092498,0.0174572041680396
0.0306322514773299,0.0599398056064451,0.0253955586213954
0.0236735823030418,0.0619767285553954,0.0180784906957289
0.0259374767026554,0.0611377029012595,0.0169906336010422
0.0342431645450218,0.0984348941880643,0.0252970709608935
0.0644875522814091,0.151920183601622,0.0385512322292047
0.0167955203644256,0.0406291656535348,0.0149452451025374
0.0903765790189138,0.144746957533093,0.0411470101853381
0.018383168012862,0.0502776558987083,0.0148441004175228
0.0200855623389418,0.0520478030301408,0.0135392248996041
0.0230841266111684,0.0674861067529304,0.0255788569100198
0.0127751922763941,0.0353908958097473,0.0115474591613692
0.0338282487339266,0.0780517984947278,0.0254408714579129
0.0244648281478598,0.0698199174060642,0.0208566349879119
0.0255680077204235,0.0687831734354779,0.0242310797788121
0.0201990863166602,0.0463241301288575,0.0163622826441498
0.0274484660899414,0.0613146273429478,0.0193122008573182
0.0257965599217544,0.0480980145962944,0.0169532152415042
0.0292210835381389,0.0800689053348635,0.021138800469999
0.0319244373442166,0.0820232389423748,0.0254585359092781
0.0332722042297394,0.0707936752317043,0.0274801386773088
0.0175862441566419,0.0488596563365535,0.0149261338607112
0.0174887546660251,0.0517733059531814,0.0159023164238808
0.0555011793210774,0.10161355561489,0.0335686860225785
0.0187602736066558,0.0474068109472624,0.0117945105918312
0.0227214528644602,0.0676787072717901,0.0191503961860184
0.0297358608691762,0.0826269704131887,0.0198097890443968
0.0208289273434761,0.0595115299738303,0.0193986266199982
0.0302459879670175,0.0621739602156844,0.0250038189119875
0.0220542028191646,0.0671635770275709,0.0170854380127151
0.0536740527949395,0.0948326070905695,0.0195650179570636
0.0153869987120687,0.0462963428252005,0.0146951513936846
0.114351856014915,0.15974998263198,0.0403295797906189
0.0231730629511611,0.053432630350106,0.0211347318287732
0.022705486367375,0.0563463205326335,0.0200349133541769
0.0309108105708102,0.0605586550254141,0.0174639805277043
0.023189476600497,0.0607033276261549,0.0159747112046697
0.039485242035644,0.0932225396575015,0.0234827336124246
0.0335145448785165,0.0924138751853549,0.0247682419453107
0.0229892694315112,0.062581706539778,0.0211311614795113
0.0197579466342902,0.0385584183345636,0.0159658853337086
0.0269373071301824,0.0486593804119342,0.0197639321165696
0.0257608206746905,0.0684853722480815,0.0206754506117232
0.0246553133736767,0.0680905326418083,0.0221281519074032
0.0176537656548993,0.0422170024713076,0.0184614133855914
0.0275459121492998,0.0773662939190916,0.0214650997969665
0.0238605674087366,0.0522993956233258,0.0306924271501796
0.0174675735368452,0.0473914918155019,0.0135312790849165
0.0576470749004548,0.102901113996449,0.0299281928767463
0.0262626643900051,0.0528685742967273,0.0168833943599254
0.0220555478223042,0.0489960680665289,0.0138874535936328
0.0231963094841442,0.061182818140293,0.0203132463947418
0.0235559002889714,0.0633235977328876,0.0167662740924191
0.0405674374900441,0.091088888052259,0.0639841833479487
0.0295759824863839,0.0559156019292214,0.0169349870986092
0.0189477892341632,0.0514384843318254,0.0154793763789984
0.015013888063481,0.0511751493520804,0.012782727140502
0.033178363618881,0.0828728738154177,0.0338589499961238
0.0177983648210602,0.0465394327867492,0.0167059552028495
0.0182556874860893,0.0585183618275801,0.0149032527763878
0.0306810079716384,0.0720830013250154,0.014559933206763
0.0406641550706528,0.0966850520382798,0.0213387762842999
0.0199359236494429,0.0480275851399744,0.0163054918574236
0.0185925673588525,0.0619329905973547,0.0467024800326133
0.124419552670084,0.157330907387747,0.0458719433841967
0.045413862825546,0.0971724408074405,0.0259153270511706
0.0220601511589401,0.0413819265354187,0.0193400915999241
0.0212462545425512,0.0600754000643249,0.0151478066907689
0.0231979616309006,0.0450799349882262,0.0141066533703673
0.0216023033833531,0.0659966180704833,0.0198975199784288
0.0355945452650666,0.0555409212946237,0.0395820718160101
0.0242235343364102,0.0515711242088827,0.020635386577551
0.0257935605260256,0.0455792678772067,0.0147697722902895
0.0265978558865244,0.0640948618240154,0.0249520462626675
0.029729559040539,0.0785929735134248,0.0278639868240955
0.024097372346246,0.0584818308443897,0.0385349653867235
0.0388598101558852,0.12016790413801,0.0348136470559129
0.0439573529721735,0.140241067711813,0.0358159736819062
0.0252593838297928,0.0501959812921551,0.0155822324310216
0.0453527341492821,0.0794668718154508,0.0309213556654667
0.0481620515508568,0.102326465387026,0.0352533750590019
0.0204333198305437,0.0452348488845387,0.0284504973493774
0.0204728667884264,0.06003911845156,0.013622777325161
0.0543139904569706,0.0859133305931702,0.0263952505246069
0.0201918167041893,0.0423829437113488,0.0133088547637046
0.0217839612522835,0.0425611021160816,0.0205998164272663
0.043759871704261,0.0892347565031157,0.0360861679960088
0.0256862589024809,0.0626778947376012,0.0230768820902263
0.0201235202409223,0.0422298040816666,0.0160838663492172
0.0170549676848149,0.0452872839664316,0.014562304717031
0.0248412728504838,0.0707250373550388,0.0188315327779308
0.0291079614418624,0.0753578668086026,0.0217918623307219
0.023304505092391,0.0637070177606876,0.0366371741156462
0.0355146376561331,0.104143137239131,0.0299066315716008
0.053901666906375,0.123375417950543,0.0361299732270248
0.017031112028338,0.0472646742150913,0.0135634738343142
0.028437202052307,0.0480281062118047,0.0159297109329185
0.0375232063740095,0.0933910887953561,0.0173713719813773
0.0261757778628135,0.0517588787716855,0.0191099595133612
0.0872014833895365,0.180904570444863,0.0857597664839806
0.022947698065138,0.06830225298584,0.0218759662774245
0.0176204084976904,0.0541636168949382,0.0133176362904138
0.0210590245979435,0.0615846116629714,0.0169197591518184
0.111281281680613,0.192747993343343,0.0791154090015779
0.0252713703003643,0.065594993299563,0.0237367281067328
0.0252413193088103,0.0537041702618481,0.0196746437807729
0.0199776276385276,0.0585851316007875,0.0178796584260333
0.0673838890557703,0.17795684189801,0.0317654927406637
0.0517391640398792,0.0728168589778818,0.0226976885771766
0.0150822789460708,0.0570543610505504,0.018716739142585
0.0245472839263607,0.0881754052140471,0.0255584148473816
0.0265762656835111,0.0644363597553443,0.020611502228988
0.0553108788243869,0.106037113990235,0.023353041412822
0.0346953984587258,0.0573887873699982,0.0402170230630489
0.0301607649093133,0.0950421398054791,0.0249395190086921
0.0340029254856327,0.0528700606997093,0.0155991731068105
0.0227951126909758,0.0775777928783744,0.0190655187226603
0.0206722853210234,0.055260822525338,0.0172247820992897
0.0915937018719006,0.139655278482752,0.0436040697526539
0.0284399133913794,0.0686560154228552,0.0242117250139596
0.0155661568416879,0.0494524070204495,0.0154618869411791
0.0450236909135993,0.108745565971867,0.032551229361249
0.0199319977317365,0.0549937641242229,0.0163414301537749
0.0264257911805509,0.0643726823584216,0.0198326283065519
0.0256042306863947,0.0446062025654515,0.0181824526414222
0.0280345271773772,0.0840969803492966,0.0193086091683104
0.0242648188269377,0.0608434872993805,0.0173477820576121
0.0381169878107277,0.066766791969945,0.0200497004425032
0.0378829192134922,0.0656462836865168,0.0223421638870326
0.0206498439139962,0.0605997352452905,0.016428366949962
0.0237073025759728,0.0575957156707284,0.0156596209141842
0.0169678091702446,0.0300048361780331,0.01518997700651
0.151500070317567,0.207033523661596,0.0659862755300544
0.0440312327331289,0.0722730124788297,0.027299118080248
0.0321639343908606,0.0939942868897432,0.0258893906424178
0.0487115198460299,0.0787911635812641,0.0317719446035616
0.0335188855709908,0.076336957408175,0.0238210572856949
0.0270263802054923,0.0801150195592005,0.021965705890776
0.0429020055767579,0.0931697559265341,0.0283921144524439
0.0300533334054813,0.0668929673702829,0.0230319688475114
0.022244837506311,0.0644430498087751,0.0179183651139544
0.0235732052923238,0.0538234071969467,0.0228150468812101
0.0370254104006172,0.0758952605112602,0.0520370111005722
0.0427499522506256,0.0853340049619138,0.031412650278605
0.0221356343516956,0.0619612762551957,0.017035474093527
0.0233899087830026,0.0771122259603834,0.0153809682996053
0.0254719700688871,0.0707510183895763,0.0241215310055523
0.0349589657579418,0.0766138446640117,0.0238891546439695
0.0610848818166677,0.0894296045229977,0.0279680479771496
0.0186647556776705,0.0572363388628847,0.0176584451492538
0.0352464180906953,0.0599635124470865,0.0197920576553497
0.027824668287922,0.0501679245599102,0.0155406589609399
0.0278014488937666,0.0694105702169012,0.0221939653363035
0.0192084808650815,0.0532884358496339,0.018418107826263
0.112712741375502,0.18724372930312,0.0451251097776645
0.0272171832490298,0.0439978465665129,0.0175288892857194
0.0432079198804099,0.0848669989449502,0.0260891955155523
0.0308771084969317,0.102975644572999,0.0184060789581065
0.0259432231208608,0.0806086602588352,0.0240516363333207
0.0406433096792817,0.0727617531054312,0.0241639129114994
0.0279506988749195,0.0628726509559712,0.0242928098487874
0.0146481380160913,0.0380400571145605,0.012770916685724
0.0213712204488968,0.0555831320042378,0.0185332040651781
0.0166097289592616,0.0540997992902652,0.0140845091535898
0.0520264319680931,0.066571820833741,0.022499115940335
0.092548273072033,0.175590573886022,0.0446706653987237
0.0200519943313369,0.0578275056570536,0.0374330730774423
0.0352169001166383,0.0622404874529352,0.0199659652390017
0.0292131737040541,0.064928514059078,0.025461023566968
0.0192196892711425,0.0480179495103139,0.0188734585602349
0.0230563823975747,0.0436120878065373,0.0175386553550865
0.0255559872405847,0.0651989715555161,0.0225388796584902
0.0400268572718592,0.122274299405441,0.0312530607900224
0.0236379881443393,0.0671737608136143,0.0391783328245817
0.0196885085963235,0.0457302309913623,0.0167442627308992
0.0415942272419909,0.107219434122959,0.0322133484668825
0.0287002264455182,0.0654105031441192,0.0184220626926515
0.03175579396769,0.0621593283586133,0.0228606898346206
0.0246834575874479,0.0534071802572072,0.017668579524351
0.0268096446258576,0.0574396913322763,0.0206575922717559
0.0239030937049098,0.0499515423168994,0.0191149011053287
0.0229679245175343,0.061174283234675,0.0213704400189953
0.0167008022828358,0.0546298038729627,0.0154718457227466
0.0227770533679185,0.0602612472084741,0.0156613652589426
0.0152283322187777,0.0414037428702226,0.0130221777736524
0.0499630348028057,0.101685377609515,0.0220724531605375
0.0296080787049098,0.0901039830243089,0.0247279541453891
0.0262072746081124,0.0414644997851367,0.0238098118918199
0.0401428357371034,0.0771150153303089,0.0286029640422114
0.0405701979003189,0.0912835083752877,0.0282053932982841
0.0152866959126045,0.0426523999208382,0.015897973206238
0.0148325943030405,0.048613081735152,0.0151753329260326
0.115102352064552,0.20459454313369,0.0354271459194544
0.0353206420793914,0.0991354896702475,0.0308942144254361
0.0323158012204552,0.0950991405757385,0.023576687723716
0.0323822035375908,0.126001360644321,0.0249879079465398
0.0159495882013418,0.0387589914701073,0.0118284521239309
0.02080126620169,0.0626886387346591,0.020209653637814
0.026094540164513,0.0571929980903931,0.0195601876529887
0.0171790847947595,0.0669607796340717,0.0318162389335947
0.0348474069371234,0.0599883280647533,0.0147125815598747
0.0210422472750304,0.0540467797747436,0.0160752301382531
0.0237695336607252,0.0577991820865691,0.0195643026382795
0.0309752738359273,0.0715509552549911,0.0245188582888557
0.0230878489594683,0.0644394386898878,0.0187781213323027
0.0321755572463686,0.0649256141752451,0.0185323736962739
0.0244197676403297,0.0810378102032978,0.0282856090740224
0.0546377219827957,0.0930705678268039,0.0333964236884923
0.0312895654345642,0.0498815421842316,0.0168733868713558
0.0184211579731526,0.0457708280581215,0.018006911386638
0.0563622037039698,0.161015384888445,0.0391167928808553
0.0272905556043374,0.0599921468389594,0.0187061008283386
0.0369072698623539,0.0825417127397968,0.0216468830356943
0.0224487889869907,0.0479534442925163,0.0140316860747319
0.0209153285124596,0.0617780867935386,0.0165552082954327
0.0207445041988311,0.0537882406634338,0.0339849915123835
0.0237549110811307,0.0481905445471261,0.0156794554105459
0.0305631351689752,0.0602662573321967,0.02229636471954
0.0238539866303903,0.0668763366610765,0.0185779450274716
0.176411778497704,0.273194744474454,0.0720104300569157
0.0486604587777019,0.0828221184721366,0.0342548601225893
0.0270279444957397,0.0771966436545753,0.0256711427980656
0.0215634442241686,0.0771108445527333,0.0166171641340983
0.025899884607271,0.0601129230715559,0.0252720702186163
0.0354313402849809,0.0840505705527301,0.0281998305148057
0.0281155609477456,0.0928534058150337,0.0232748597246009
0.033980416858932,0.0913271364930428,0.0244406094604476
0.117254794406832,0.217646276308264,0.0604209179703307
0.0322778873487812,0.077470217115742,0.0187405834945498
0.0313762098723596,0.0975176057942932,0.0230153178301335
0.0221952597440754,0.0507058611580319,0.017153552637821
0.0267631972239691,0.0655048789215114,0.0171662246037393
0.0214715924663825,0.0637743007871207,0.0192452361500115
0.0350371358309614,0.083506818516981,0.025104150781321
0.0306539972523531,0.0867727526471704,0.0303500566024666
0.0248844121759228,0.0791434616274072,0.0200385800951559
0.0214122107136592,0.0664436666090191,0.0474107011414097
0.0180491133318013,0.0417427589477665,0.0143900246522448
0.025764808658435,0.0421181362988427,0.0158405692348677
0.0182889400378934,0.0413374445217261,0.0141888358520901
0.0208547068165347,0.0528575493830897,0.0204080850035289
0.0322373803224256,0.0995054741581064,0.026000421865177
0.033347097106576,0.0589083306361253,0.018412568779037
0.0644724981038899,0.0738407201676419,0.0216819819385572
0.0298185311256196,0.065879455550642,0.023373201573955
0.0361630025852599,0.0758183850246857,0.0279232711806946
0.0182114155466447,0.0600145147012216,0.0133603510464675
0.0365501919331574,0.0756743514671277,0.0194533189897282
0.0191710401399851,0.0422845745416819,0.0174862474595933
0.0306943184805434,0.0759309063861288,0.0217664647676673
0.0277879385400051,0.0760179013692557,0.0175494752475147
0.0284164959989968,0.084369834905613,0.0228689915718411
0.0284820450933705,0.0755404659711475,0.0261068485105528
0.0335553304374643,0.0893397089777656,0.0238987492535308
0.0228308115096377,0.0635873792665347,0.0180657361790961
0.0294697721879925,0.0479298487561781,0.0180845062579684
0.0280571687250717,0.0565388763097909,0.0198153417465516
0.0281939198497293,0.0717222401302113,0.038220788491628
0.0258355575824228,0.0739099635322952,0.0226543851116687
0.0304327158224455,0.0887547328000143,0.0252454898405851
0.0304573364763414,0.0543271294609516,0.0280651700554089
0.0274386537913731,0.0539302074556223,0.018008343348775
0.0606041110426703,0.0902655458832096,0.0361344944075391
0.0180303510284882,0.0538519806304084,0.0159067507838932
0.0315381643071781,0.0801577584918395,0.0212130227447995
0.0248301682447914,0.057742745504661,0.020660017307638
0.116178035792471,0.197318324606465,0.0470532535207983
0.0257179541660203,0.0649572699841322,0.0472165838045279
0.0237114420070264,0.0573805999858774,0.0288841719866344
0.0163797258400087,0.0399250088200818,0.017157779875725
0.0329423826495357,0.0633152419404361,0.0200856295524203
0.0227767593759813,0.0372882345227815,0.0202315597736411
0.0671386163737832,0.115775864032443,0.0396104608498632
0.0138952152914224,0.0446958896926472,0.0125253184714528
0.038925898814652,0.0950330117521756,0.0273799857672805
0.0187109359219672,0.0499909991839175,0.0139034670295811
0.0237753638499269,0.0707628901929455,0.021460391200897
0.031263674930905,0.0589509115256556,0.0172358580753529
0.0266556495814783,0.0728177651780718,0.0237722579674494
0.0466940135237723,0.0816405943070866,0.0301991378103897
0.0235455058503625,0.0448247847696399,0.0210552406054131
0.0304371065696646,0.0509706202758993,0.0201045920067845
0.021859823171055,0.066270378878621,0.020709454687526
0.0543177091129347,0.0906388476257338,0.0770820802915327
0.0493603341211456,0.123769905045688,0.0258692038618525
0.026931168556703,0.0685202622598729,0.0209371322981033
0.027815157868171,0.0494772084563692,0.0182212572910472
0.0580915330998331,0.0936076596221762,0.0215941293492104
0.0162656230545571,0.0589541360308357,0.0173393315600903
0.0261301926645745,0.0689572491663568,0.0184035102337383
0.0205839381297886,0.0493820671921287,0.020980158939894
0.0309864425909614,0.0687280832603743,0.0231107786126826
0.0354916768752669,0.0805921577723916,0.022252112106304
0.0189670092456272,0.0374841455389071,0.0137360625395549
0.0346803731557455,0.089926203445023,0.0256498152818851
0.0470233517095555,0.111621348052213,0.0309864675743699
0.0297487399075883,0.0815368649644787,0.0280661307068485
0.026616136656358,0.052697686974466,0.0215156934747538
0.0198582091786452,0.0564195588705211,0.0176991567033793
0.0795149631168724,0.249361410788565,0.0401239727143572
0.021661815311413,0.0662015837574747,0.0400286122280771
0.0222558111347324,0.0495702802044495,0.0174966037670582
0.0201927541515361,0.0531425666682879,0.018070925823052
0.023324158250647,0.0736590617437285,0.0431355030044453
0.0311015936131045,0.0643757135703118,0.0231133982945643
0.0474716294343984,0.0866276934667799,0.0328456517747528
0.0305291535132536,0.0743250791233375,0.017471864571565
0.0312909590083201,0.0807108019160018,0.0194235396941363
0.0357228252998946,0.0760646542341615,0.0208948408487491
0.0190709403467958,0.050529083604731,0.0169010810423897
0.020669141272256,0.0519656534237679,0.0182058253646231
0.0406785700449784,0.096640053741837,0.0308347604866917
0.0177255999669202,0.0465563306312473,0.0140126220577614
0.0207372989119825,0.0535250386154382,0.0173385310789759
0.0401909547328415,0.0841468354359567,0.064780938047035
0.0186577627064685,0.0560318119188435,0.0146447054439788
0.0302137116388936,0.0596085474450949,0.0256184919956305
0.128529814796749,0.186363823496504,0.0545745935518612
0.0288446695404637,0.0733333143437433,0.0262443591732194
0.0304608115069975,0.0999437237065826,0.025782130447934
0.0253380788984433,0.0639639841073013,0.0205842377744181
0.0208197187073506,0.0730835425685543,0.0217761543363075
0.100715089337945,0.167462226156679,0.0538965804358775
0.0203704061518108,0.0612526488669284,0.0187590464453142
0.0210438253502986,0.0861300462298182,0.0212381906434198
0.0226356287004717,0.0533696159738526,0.0182652398165884
0.0283168594919343,0.0563168349023551,0.020823868053563
0.0151987278298895,0.0375021231466139,0.0164103559832696
0.0280600768951052,0.11740636491163,0.0213743599851813
0.0166791524662778,0.0477107748433174,0.011409116082183
0.0184479178833988,0.0480975960703743,0.0222664553744584
0.0304721380272121,0.0817406051233071,0.0169876239712187
0.0218607539290426,0.0546719784481923,0.020295679984377
0.0269894974874078,0.0588883019417355,0.0247463688717204
0.0336935070407603,0.0646447212662518,0.0509176001546326
0.0359968415782771,0.0626128498156455,0.0294759307013137
0.0186459267105156,0.0494081178312095,0.0193354460323734
0.0343333367393287,0.0794726984748697,0.0200853199730921
0.0327285472393658,0.0821713403904871,0.0199296157311484
0.0174695093308918,0.0422663785359546,0.0144469736818273
0.0217443084304816,0.0627616337105547,0.0140078155813381
0.0211673570028498,0.063133362944443,0.0243459651361292
0.0163700175128425,0.0485895491840647,0.0136227329924286
0.0193018978112658,0.0444586734524996,0.0161222053347041
0.0212329798229321,0.0660251827078716,0.0189195859261338
0.0269274513625295,0.0829233216145273,0.0158609316136105
0.0363861502309395,0.0823109114576668,0.025749079290122
0.0175426409729876,0.0398349457399576,0.013902606288029
0.024160252824379,0.0385591509511889,0.0316072105203133
0.0260322145204127,0.0600381738622887,0.0184945653797885
0.0243987341059804,0.059128124838628,0.0195414924998219
0.028851370121129,0.0658000075816022,0.021005654484426
0.0224603900027301,0.0543219315508703,0.0166411453367641
0.0252401974472715,0.0747735509356379,0.0165134025010108
0.018217857126485,0.0367004691482076,0.0133855592011032
0.0309886495081259,0.0757267326934093,0.0253720710403099
0.0595758431350476,0.087920813695448,0.0220000571909715
0.046957258617306,0.12373694123836,0.029407096634155
0.0209119551717723,0.0460624599599067,0.0195514303834409
0.0371852347123632,0.0772318118933529,0.0157618936253392
0.141607376085956,0.233414152675579,0.0615291495262537
0.0458129785372231,0.11619927167695,0.0407355678570387
0.0208511685160146,0.0437481585048378,0.0192997690257075
0.0171253270716942,0.0582872631191942,0.015742569526159
0.030606861625526,0.0738813372124975,0.0196955093998215
0.0268013987337954,0.0468612840368892,0.0211581026186886
0.0255327087240275,0.0764735313209387,0.0217758474014063
0.0252818456126235,0.0643882332642031,0.0139061921230455
0.0798469632241134,0.111835360391788,0.0392503855643866
0.0197284051665098,0.0397457746597465,0.0155237052148409
0.0434278321107548,0.0836501973631568,0.026879110181913
0.0283925410947186,0.0611967884581743,0.0198017234165993
0.0227142499287704,0.052955137644524,0.0180370048596947
0.020373623782681,0.0567552708365128,0.0241751025119146
0.0263050512254833,0.0630725272889648,0.0211302300335666
0.0172906827254259,0.0514658346271431,0.0286859313380579
0.0230944231034785,0.0560843548701902,0.0181352478765733
0.0364221908878166,0.093821188831593,0.0259709389905404
0.0195059865163302,0.0613414729704825,0.0150763768580072
0.0291165056302876,0.0749002534652268,0.0223068997495448
0.0234183541807641,0.0639439401873508,0.018802604082652
0.0177233089052552,0.0548643169151047,0.0162025830305503
0.0201498709098708,0.0525093841010151,0.0129985861539331
0.0261785076260261,0.0625307938905363,0.0218227669482541
0.031846575174965,0.0675649170685311,0.0290718513083848
0.0207382509318631,0.0594276916606022,0.0202614285222935
0.0229156721793828,0.0467054889559189,0.0193416533880295
0.0564342948584616,0.144362870791045,0.033629813317942
0.0484413304258256,0.0950709253863947,0.025065659509596
0.0412111079647044,0.0836174692351719,0.0245090678163245
0.0156408747421331,0.041146337753956,0.01499539622951
0.0292247109586863,0.0623570882120186,0.0350377571337594
0.0220814917905221,0.0581023762244113,0.0172771238966909
0.0200884214465926,0.0419915613607661,0.0138349460570035
0.0264165653069723,0.0488111894054467,0.0230529244753132
0.0228744269653322,0.0552044166274396,0.018085575098521
0.0242752377446894,0.0526257777005095,0.0167956482813972
0.0302047046845627,0.0567486956285616,0.0218920158698238
0.0425270821957497,0.0831147958974737,0.0305739835040952
0.0332986883456328,0.0737812097288148,0.0242370395355371
0.0179797985961429,0.0499969596545022,0.0143983809772522
0.0178793298751434,0.0469072241244753,0.0153292830768936
0.0160355638557905,0.0427965557615486,0.0137988834439983
0.0457172993007317,0.0651605875505111,0.0197625235554961
0.0208961791467601,0.0606653438030055,0.0147967026467715
0.0434641651204243,0.0882700668275503,0.0319375754998324
0.0629620414842691,0.0697349963366981,0.0535185748691228
0.0604334163779213,0.108330282473365,0.0280804989734666
0.0190020039134262,0.065402831169649,0.0155310578046941
0.018343270845037,0.0908531665558586,0.0139405919437
0.0154392253850905,0.0421421416095685,0.0136977023354944
0.0341292363424161,0.0737885905237257,0.0236283477830872
0.0213796515872547,0.0482414903830402,0.0161309443221399
0.0194720880920398,0.0428765539018959,0.0164240923195737
0.0816046172993738,0.109539556204296,0.0541884772159026
0.0254614390693003,0.0642429838445947,0.0362821880307777
0.0243010734922038,0.0535130600478257,0.0176031674731564
0.0176678797737438,0.0467987338509982,0.0119688927391187
0.0318675237230069,0.0580776071082403,0.0145371138274005
0.025873546713517,0.0701652037802752,0.0157095690271196
0.0226896733308982,0.0515716088324677,0.0181010744614759
0.0588757242218774,0.0780497695651474,0.0422025089488873
0.0406768957396551,0.0861280398805809,0.0289288919763045
0.0207613098571935,0.0550461473348358,0.0191585991418182
0.0343729061207995,0.0714588116164186,0.0232437632128817
0.0232494323210782,0.0603576880134839,0.014985565376509
0.014149515172447,0.042454447635794,0.0154363579340169
0.0246584241702514,0.0433080021900226,0.0202654096627544
0.0356997675496458,0.108336975666705,0.0238456509993486
0.0247621306618365,0.0879209212882571,0.046743971300111
0.0229778257918736,0.05617402386751,0.018886860644371
0.0957188216195799,0.0962510238309798,0.0436759425181446
0.014996593053321,0.0371285078006861,0.0141589643445175
0.0246187430246722,0.0517791317298188,0.0174623490611903
0.0306651319511261,0.0502702324309727,0.0200943271440956
0.0205324728202431,0.0531726142118335,0.0173144174349538
0.0507280840605151,0.0734619861733338,0.0621458425011065
0.0264412743054668,0.0602397077950661,0.021022481583289
0.0235614644713907,0.0676005320790636,0.0173069221352284
0.0266939739271085,0.0731270888271167,0.0175138460916465
0.0195561166338648,0.0510286015278887,0.0142552055185021
0.0258799739909585,0.0504429061863385,0.0214682167120122
0.0194538285139758,0.0466467190240283,0.0146507721038095
0.0232398528157595,0.0513466753360192,0.017988341358067
0.0293410342246869,0.100508392270579,0.0360373692100161
0.0239379560370695,0.0520436627249225,0.0162047842344555
0.0374834337135845,0.105889047138205,0.0229438269405399
0.069837781584237,0.0917384592986217,0.0357992562910049
0.0171567235142061,0.0483804490212994,0.016345912207974
0.0177356113275216,0.0502742120744099,0.0177758501336683
0.0576605644610686,0.113044608527973,0.0331662202964979
0.0179150313572609,0.0458664874791004,0.0157545605846876
0.0473642683795171,0.0909830719239697,0.0180954338783011
0.0192635519487985,0.0469992496267226,0.0138602157435126
0.0435738170767595,0.0762878872064149,0.0321894937387376
0.0258683951620237,0.0566546831192531,0.0212311647340183
0.0241076257505318,0.06276578532506,0.0202778511483131
0.0380123015729876,0.0825149815377921,0.0254918187915011
0.0345117611511868,0.074116067868056,0.0269811150179833
0.0244314541395223,0.0523486598265764,0.0196025213948162
0.0243366066210706,0.0730393364346772,0.0200994289062984
0.0485947520692848,0.0985480420479126,0.0362516255364033
0.015283877404404,0.0367379276924925,0.0131907371793219
0.0203650167439997,0.0531262471354553,0.0173493806732794
0.0290670866822555,0.0696469932344145,0.0232731343102005
0.0265690758538252,0.0584245732244873,0.0193355694950992
0.134924971682003,0.205114178123875,0.0892287452857709
0.0282189213258455,0.0689997065524891,0.0222274182738552
0.0368154383914114,0.0777605112586251,0.0248611785139833
0.0203566015626141,0.0663268524374158,0.0220316539287115
0.0231970478433609,0.0549129543951789,0.0185320901077381
0.0174338767331641,0.0380139440829521,0.0138756066661706
0.186212005174234,0.303412147225898,0.0984033643880668
0.04095825131436,0.120186268495105,0.034118137822135
0.249721184852343,0.0737645800774542,0.0735662667928644
0.0195240997401286,0.0508172726154452,0.0149103540141547
0.0637225044904264,0.0843955174614855,0.0318322266592057
0.0259798000992883,0.058555292968061,0.0239364123966899
0.0495806273151142,0.11068467741957,0.0191363319611758
0.015345514846031,0.046457545885844,0.0145060786309682
0.0187713803706017,0.047854042686103,0.0182303963063622
0.083685250183971,0.186900448035482,0.0365239320640048
0.0320171927285499,0.0549494808950149,0.0156315637864921
0.0217838736482731,0.0686117055615695,0.026291511808032
0.0308575972342427,0.0910255892451242,0.0280795501871456
0.0200558617391026,0.0408112161869182,0.0266419805947199
0.0207553427691689,0.0436347594606627,0.019755166471576
0.04342886763191,0.102146859521243,0.0302864504170581
0.0326668184280411,0.0725916125071941,0.0387982169009544
0.0243927844730611,0.0487789585657049,0.0124953537609462
0.0507813623033016,0.0831399371949631,0.0311138954824464
0.0271395784539175,0.0713346811567154,0.015997963955682
0.0592516399348134,0.0992800207759651,0.0305368010649983
0.015030725582965,0.0427898683145375,0.0126883483255234
0.0728745479872908,0.109968551145871,0.0399527019824797
0.0421151644166515,0.0746933578595413,0.0277541765109177
0.0157889751861166,0.0561318820769181,0.0146519460941049
0.124853173929231,0.335232429370272,0.0671189503851762
0.0226194508381389,0.064795396675277,0.0253258032197389
0.0324990722370097,0.0824916523934032,0.0223787516504709
0.0333795403177066,0.0797587191029483,0.0251765199496171
0.122588727569595,0.148054477377447,0.0585908061235364
0.0315531574636662,0.100363318644923,0.0216477589797087
0.0326501242475172,0.0552721811075415,0.0232378420377522
0.0207201835052849,0.0645987541136618,0.0217426988232053
0.0238608316422511,0.0605407279319316,0.017738399617823
0.0317221574577047,0.0676662709464392,0.024762253817762
0.0219042334989974,0.0565650310757304,0.0175361917364902
0.0255000528164652,0.0781676728655818,0.0202829736548546
0.0317277052973201,0.0658667716771416,0.0331900913282887
0.0291323493371153,0.0654284616038197,0.0193896916561647
0.0257635412704704,0.0598601150818237,0.0205239354136834
0.0220045130197538,0.0699158173310109,0.0168862788751115
0.0288746334349558,0.0897461867881032,0.0231811185721426
0.0737365949975384,0.123201671286543,0.0549413249542248
0.019890471036432,0.0458879261239162,0.0169140198280279
0.0153921802393034,0.0445668136633072,0.0131331060967163
0.0320722549745546,0.0798676524646585,0.0261687321835572
0.0458662179528382,0.0788236049195938,0.018877460567523
0.0871031957596796,0.168399743771378,0.0400703810889084
0.0475209190177045,0.108859695395394,0.022350991598148
0.0210405123055058,0.0436039465479826,0.019366538192625
0.0465892238650305,0.0824885751116133,0.0284062230261146
0.0319821112725957,0.0570298511370783,0.021239355408238
0.0264491173805201,0.0586120082174728,0.0200454859942227
0.0173449709373544,0.0438043914068514,0.0159855054758956
0.089709916366116,0.160538656139595,0.0667930792719619
0.0282743634358222,0.0839749680678761,0.0241279315799055
0.0189599949407468,0.0628489539253239,0.0163689258283366
0.0235044635958493,0.0552042365359407,0.021192529354243
0.0325928869097835,0.0852998411030332,0.0201554817376158
0.0267424483817425,0.0678570057731927,0.0237597177339834
0.0414982709632196,0.108353315756531,0.0284611703271682
0.0234246831514772,0.0540303559267654,0.0190143281357117
0.0237968266285869,0.0620539260087485,0.0200953203673665
0.0164499591477449,0.0502226562372259,0.0182219992681474
0.022962456201195,0.0544411132944402,0.021187300911802
0.0192440985560906,0.0595956694667237,0.0174475389351053
0.0299941493308662,0.0632273053206439,0.01844511306439
0.0226003411110522,0.0677676915339192,0.0432874654545014
0.0407399283033656,0.0925738981322281,0.0411991244548775
0.0211419916286294,0.0708888215364481,0.0175932317875328
0.0345351327590052,0.113171328465413,0.023845339920422
0.0277271770071804,0.0671546284038137,0.0221361556066687
0.0313153412809382,0.0818882151819732,0.0200533880513548
0.0253004773243931,0.0578795702171958,0.022844526187178
0.0171226198931763,0.0489954206160512,0.0129867934854618
0.0304394018490905,0.0621156487798392,0.0217461980259486
0.0574918138684272,0.13515283533058,0.0257442865508011
0.0275902736460823,0.0582787902069548,0.0244035704123024
0.0195254354050861,0.0536865339347981,0.0180711104534665
0.0239961498040264,0.0587482988517435,0.0159515273918313
0.0384925606784003,0.0700925894566691,0.0217540246275416
0.0234767864529895,0.0843110830130662,0.0140013490409839
0.0350495890951727,0.0615406873168688,0.019356679262475
0.032353863743464,0.0550257901918895,0.0239241732731729
0.0270922233370195,0.0752028806284963,0.0199703384973609
0.0786851582188549,0.176766731067833,0.0432577806509982
0.0498323219684958,0.110608043232364,0.0307937691313634
0.0204495607242372,0.0489550631079175,0.016530391843494
0.0207672083327407,0.0573918186102187,0.0145501709815111
0.0490892642133815,0.100864837247156,0.0269100071099087
0.0301623440947565,0.0700947635497943,0.0200455078174987
0.024329930257718,0.0532757298363171,0.0237026897617911
0.0596173180627817,0.111718867079435,0.021622162264069
0.0207091494502963,0.0477091637975743,0.0184734560302098
0.032078079056126,0.0586592822099604,0.0164795702181946
0.0185822381541432,0.0740381989860218,0.0130982952704888
0.018998663827488,0.0484529257302228,0.0160289101109091
0.0250660158577016,0.0786733366464795,0.0236906876529884
0.0372684033831652,0.0815789387889586,0.0288296883334897
0.0205643017751048,0.0588261860422655,0.0144696605973379
0.034681097206304,0.0892992648687403,0.0226758375706375
0.0266281093651168,0.0497441584894688,0.0166169808440031
0.04210291633162,0.0620043865251331,0.018255021113587
0.0197498599616998,0.0617659116823546,0.0134144818457981
0.0349077997890328,0.052517430176294,0.0204174500793167
0.0230617298183904,0.0515844220289188,0.0170344557107882
0.0191067548062438,0.0406185849668993,0.0150607722231922
0.0337821244283211,0.0880607300699237,0.0228890394740992
0.0219678786404296,0.0511506939613638,0.0178661915768046
0.0275945252263256,0.0581738669402212,0.0210015185582696
0.0253825785119926,0.0545502387543795,0.0241444597024309
0.0298323240798362,0.0633048513718982,0.0187200496241795
0.017975612723732,0.0563982796975618,0.0257407678855804
0.027796348081576,0.0721322674270756,0.020250485011543
0.103659648663958,0.290771283310046,0.0387735180446112
0.0249868125325324,0.051875029600195,0.0194139959054841
0.0208744464710799,0.0478721823565466,0.0153397418501441
0.0365341391755907,0.0777647332155782,0.0188719917151949
0.0187127115056413,0.0520863035577274,0.0190854774305846
0.036401536437372,0.0808539251773839,0.0366721146129875
0.029782897824492,0.0933801804307915,0.0329641218820107
0.0254982567605889,0.0609888189888552,0.0213981938867372
0.0651808307019702,0.121204939457644,0.0260276710198148
0.0159586238327961,0.0392730708408372,0.0124096416071284
0.0176128726582295,0.0431918021654635,0.0151730728809867
0.0232049402594594,0.0481283399783568,0.0166567411726268
0.0284424505638356,0.0606256075523799,0.0210573120468647
0.0270175410736105,0.0593718838711112,0.0156529886698139
0.0222904718771651,0.0648093719911363,0.0169852501357853
0.0207716905957522,0.0509400662041899,0.0176394464124357
0.0365321267890477,0.118453840889852,0.0327759190373798
0.0195677208838179,0.0595256160010962,0.0166741570081602
0.029836105648567,0.0681171279480123,0.0202731062146748
0.0184344037889494,0.0451247491038342,0.0149118221974648
0.0230485340175318,0.0541764297079117,0.0176850233608691
0.0297615244377347,0.101282390523265,0.0228208258154235
0.023869304430059,0.0655365252116077,0.0208719845705211
0.0210212235468841,0.0552824772250301,0.0209469118427028
0.0209284838866784,0.05776303998658,0.0171529886927278
0.053238059306507,0.0713469866499063,0.0305847828257721
0.0310361936583801,0.0973013940612383,0.0248737744324091
0.0229689018031635,0.0707842223171316,0.0194232764590554
0.0275791870607702,0.073494132839203,0.0208901845063866
0.034009926497325,0.0795098343760015,0.0231941370637825
0.0277308241876254,0.0550676451724088,0.0183426259237413
0.0189237056061558,0.0545224579093871,0.0167933495076153
0.0233932196194416,0.0585483350295938,0.0164106632142421
0.0243521020009082,0.0644970288438312,0.0219673537792026
0.0315147181490641,0.0747540398951644,0.0211689368832291
0.0171798154591949,0.0484392498344288,0.0142268798666015
0.0260943340220333,0.0552275414610952,0.0198501311612533
0.0222920523097586,0.0607889603114611,0.0234590201656668
0.0221813990996531,0.0562434034411746,0.0207616862190878
0.0494494157523651,0.120327295076604,0.0328421017935099
0.025898463369529,0.0838235787319947,0.0190049138866906
0.0300477402497271,0.0858283573848326,0.0207232964045642
0.0161078051135464,0.037662465930922,0.0144287444871384
0.0470254961876347,0.077672056071677,0.0281612021633826
0.0323428466699709,0.0816397766233243,0.0198498799760969
0.0285409117956059,0.0620798269686841,0.0386255142354623
0.060929150587401,0.14140863852289,0.0398173476870939
0.0252890435258892,0.0532272216617548,0.0181170166599846
0.0788959343484776,0.0986098075257357,0.0500716590344153
0.0284144644847605,0.0653013391231538,0.0166140110881211
0.0291183901055161,0.0837215799962012,0.0189654571801399
0.0305590323610203,0.06271446474646,0.022494625501609
0.026407715422625,0.0474470156934581,0.016898035146204
0.0146102754419763,0.0345146551080969,0.016785906702965
0.0374235582407252,0.0915263524913693,0.0171080374675476
0.0193969471425625,0.0526650280522795,0.0178744616321498
0.0319003983049066,0.0874189464431482,0.0188186305285716
0.0186707254911034,0.0585160412201057,0.0169892818162616
0.0202781196092737,0.0482655466450031,0.0160963745092039
0.0229002435121969,0.0833317334506739,0.0262984638119526
0.0306274464624369,0.0770825225228566,0.0188518875463694
0.0240535711232786,0.0530144549647218,0.0209629199218632
0.0208196789867951,0.0571117846474402,0.0156877125124837
0.0284108941606438,0.0547913145355716,0.0160235236475012
0.0352216503249177,0.0791080399673061,0.0240907939619911
0.0305632183500263,0.0684262626642983,0.0204823451021277
0.0197536403483842,0.056008675684075,0.0156207543531325
0.0286230900815159,0.102343432038747,0.0211687548743502
0.0207138599868619,0.0865930727631497,0.0152316975547507
0.0175139012133023,0.0509776633671236,0.0155040600360164
0.0705484128675711,0.0878403644268333,0.0357626000851962
0.022850035898362,0.0614410348692017,0.0161288516747032
0.0246319601540719,0.0645196951020613,0.0198679684037079
0.0330502853980551,0.0756947006610824,0.0286261369108043
0.0375586552433405,0.0753515438402229,0.0319219498041593
0.0383524966702855,0.101122647997159,0.0522538991814096
0.012048305134812,0.0345103699446135,0.0107245191942195
0.0191844799809748,0.0601406167921214,0.0141267007779454
0.0243293257805937,0.064035166941378,0.0209446484067759
0.0234191412968575,0.0641359408645565,0.0171490248423332
0.0307834332386159,0.0668749670456198,0.0224439213742086
0.0251371134827473,0.0549893581847486,0.0148521255128483
0.0289752382559876,0.0806820019162479,0.0243008140333881
0.0201439222511897,0.039213474850598,0.0190269650506871
0.0680958119930557,0.120012784099292,0.0315966580436521
0.071640445661929,0.131725559289342,0.0362123256079652
0.0217868900333375,0.0586641421009695,0.0197654583889212
0.0297742423744171,0.0634086701291376,0.0173299724871648
0.0277133376951907,0.0959200446766604,0.0285624369008975
0.0241958375257489,0.0781111785218248,0.0264337827794494
0.0351982647763077,0.0793506260759975,0.0260762652794432
0.0290040610242489,0.0560858479145827,0.0182212191227994
0.0232643064500976,0.0576236487429113,0.0164468871964413
0.0204316270442196,0.0566112910536297,0.0161060136707135
0.0298703770516434,0.0859225599555377,0.0199242999898571
0.0290175392733112,0.0975584155406369,0.025403550433833
0.0218606003139677,0.0647019739381468,0.0260932578366049
0.0300920617054437,0.0868188059173719,0.0351378613483505
0.016472856086385,0.0496173224577097,0.01311487746507
0.0506251158582867,0.120811903821568,0.0316137095081823
0.019461433048832,0.0438177135171926,0.0145455984573345
0.0222333984527474,0.0724304474829483,0.0144580692373316
0.0195730425399322,0.0446578719853638,0.0182131761891744
0.0235301627763213,0.0625777154138104,0.0190560479260333
0.0482375687855985,0.126664638963214,0.0281754267569105
0.0202421150597768,0.046844083541705,0.0164055517630439
0.0310117920119197,0.0774124234908516,0.0196536454246472
0.0220907260437719,0.0589075165853146,0.0222717789712072
0.0169351640311591,0.0477043496610484,0.0194929186753933
0.0148824293272707,0.0423491605809819,0.0131250817673481
0.0412726176555912,0.103728989552866,0.027909624981607
0.0249489512316338,0.0586993462129679,0.0203627121577323
0.0224542550376039,0.0459636409028105,0.0166716112689944
0.035620528330228,0.0853452117218153,0.0208773512269924
0.022896474199422,0.0566107331458012,0.0187134018538037
0.0184618195232456,0.0502214016154251,0.0156328661934307
0.0428977556942414,0.0947118562284469,0.0299431182188096
0.0188142218431117,0.0743394205991932,0.015940368540516
0.0196553761498693,0.0470737993586614,0.0157522928767274
0.0233174340442216,0.0566311061058142,0.0200873609535786
0.0163452441691128,0.0379307795402355,0.0139771889739834
0.019931421395785,0.0439902980150337,0.0207857397716276
0.0299461510667382,0.0660976993819492,0.0201874622747873
0.0305349990376701,0.0832538544950199,0.0254928459409336
0.0330724927568048,0.0814001875613002,0.0219826075058611
0.0207050928708239,0.0623209072691737,0.0173124815778642
0.033216416632758,0.0841002063227492,0.0243350233848043
0.0369290801239612,0.0842259710989568,0.0526241717769213
0.0190544636861479,0.0502410611650146,0.0166842219716093
0.131190366180386,0.250347430222107,0.0593953490569784
0.0241948588565822,0.0879504425930527,0.0185382990779441
0.0304940376376999,0.0797042321564442,0.018764837937389
0.0207291263271207,0.0432505626313121,0.0172695261900024
0.0227503131585549,0.0616603084025115,0.0124653976404558
0.0342423583494888,0.0874938432433976,0.0262697068687315
0.105573876077009,0.142632302903621,0.0466858348307239
0.0229645091975352,0.0475084062036881,0.0171702121154891
0.0189355797301602,0.0552079485495507,0.0155734984763303
0.0506096221955917,0.0881153727732063,0.0233034761869614
0.0249308110956079,0.0652926651149743,0.0158773914248696
0.0267962344600865,0.0586049938880167,0.0156100699203081
0.017658915778897,0.061562477036431,0.0152653434124735
0.0319443718457961,0.0645285353010266,0.0306350111886663
0.0224965236428518,0.0909208480316488,0.0158398042234668
0.0343909743242849,0.0704614495690731,0.0169314406453134
0.0264041681308428,0.0460176817653609,0.019663759461355
0.0222083071956694,0.0463264149110633,0.0167187422552678
0.0287057965392718,0.0403796997057542,0.0207547801211826
0.0155167458057464,0.0450809931716706,0.0134977268876281
0.0333534417565518,0.0853928711866316,0.0193852492531134
0.0209493156355436,0.045289811812641,0.0160064719885401
0.0139704911955922,0.0363343741564247,0.0118706770993625
0.0204587056298187,0.0460147754345773,0.0160700597628653
0.0846578921012778,0.133762491537786,0.0421706384484685
0.102382281317061,0.0457013546655481,0.0673214732418033
0.0188423198265522,0.0544157611706927,0.0224011596234623
0.0239011637294564,0.0871358875962832,0.0205839199339868
0.0212123127806354,0.0449710220415858,0.0188041600089377
0.0274049082954916,0.0706841461767731,0.0198954689565682
0.0331673972710526,0.103054827608258,0.0276348851616069
0.0308312786011736,0.0754913902830314,0.0208119321692163
0.0224608127132106,0.0399986164821163,0.0180619184902091
0.0180197301326816,0.0610967580440379,0.0149574686464317
0.0282868983034254,0.0750733099825063,0.0190935167533814
0.0343160452110063,0.0717146077512524,0.0236505808638345
0.0227252875072765,0.0508926060903197,0.0211999921414118
0.0324525199629543,0.0695380458503581,0.019676931094448
0.0242822701718054,0.0596813180972272,0.0164035188920684
0.0192817640520153,0.0483909917466459,0.0119127591849755
0.0240889118448533,0.0484032590278901,0.0227042639009795
0.0217133526593357,0.069970239134955,0.0137524484440695
0.0216363789751734,0.0489167611228986,0.0176323546503421
0.0309944033635329,0.0913270511752319,0.0187090733898645
0.0215017082085446,0.0587697167418468,0.0179586512187779
0.0166683403071389,0.0641062690022464,0.0122656667394198
0.045191565569234,0.0899969651577034,0.0254728434665602
0.047628172500615,0.175658257958111,0.0299186922014055
0.0186524051731608,0.0538405189135947,0.0153425442542046
0.0200323622297816,0.0687749248966042,0.0154351948158135
0.0227127560672395,0.0480986487960708,0.0180823465351697
0.0227049270861935,0.0481641058408816,0.0152075153330958
0.035131156435685,0.116305896972228,0.0371324738548569
0.0192566399763626,0.0610911386776034,0.0177820348539814
0.0443083763452276,0.139760098677656,0.0259218843449178
0.0501494890307552,0.122195568411073,0.0297604272322207
0.0323665881523539,0.0687599920452934,0.0289634578631632
0.0326205992514827,0.0655079720600527,0.0232451480989665
0.0240354213505743,0.0529152202696158,0.016764451892233
0.0201122543093623,0.0451526138318085,0.0168014547775973
0.0169024770604237,0.0483730407571843,0.0159083969702303
0.0248851443751424,0.0546557080611596,0.0184251077829885
0.0206376343432572,0.0508653435078441,0.01676615019673
0.0243997629925281,0.051832687676468,0.018510502254746
0.0263949129825387,0.061732986106924,0.0208748340971069
0.0240094444673514,0.0573138718180803,0.0194614003966007
0.0203698082218901,0.0567259177591165,0.0197196558064167
0.0242772326859877,0.0596478768733186,0.0183999732885872
0.0183223314950711,0.0527416887485223,0.0137907528132522
0.018620830656567,0.0417270543734969,0.0166476321507711
0.0234367391192137,0.0524171979612468,0.0195087563547991
0.0221796815378262,0.0804535617668679,0.0361544273177846
0.0388451930732921,0.102631596361597,0.0277836814540858
0.0203007247047175,0.0610498250658562,0.0240390363731053
0.026434838871714,0.0733575150771733,0.0211415387904333
0.0257047594160834,0.0764181864903933,0.01987141847714
0.0441070158129766,0.0948784576190032,0.0335644329725852
0.0197958023202383,0.0702514199867647,0.0161813773330259
0.0238927578424824,0.0649087158813648,0.0163466353273232
0.0241629471982674,0.0518473301562344,0.0196928409664401
0.116114498442697,0.22213765818699,0.0431075626648258
0.0261897854506102,0.0642117212207895,0.0226679739002235
0.0287822705918198,0.0641804909804873,0.017107901901262
0.0251793132267158,0.0724098342066795,0.0158093090980435
0.0184331694306945,0.0516168849126784,0.0150643646787158
0.0157741673966139,0.0365484074732137,0.0137378792593987
0.0359711005306936,0.109430994700957,0.0294121465154338
0.0203093440438448,0.059609421137198,0.0157715810820044
0.0190073421220924,0.0583085059472016,0.014521167877102
0.0245470206114187,0.0582096456478554,0.0236177943862384
0.0204196049040457,0.0729499348028352,0.0180812555786133
0.0167084186196582,0.0401441263563699,0.0122467471040183
0.0476914449963521,0.13188297681617,0.0247220202728091
0.0175763470785069,0.067707949617665,0.0146163429713637
0.0161737771093769,0.0567919069978958,0.0152130968698424
0.021178265181938,0.0414053773976135,0.014369509761542
0.0278340102084078,0.0696576105520362,0.0194976612992387
0.0290390949714269,0.0603395089448688,0.0157934732852955
0.0218331700261866,0.0621704828562422,0.0223813076162598
0.0200250403183148,0.0598998578302551,0.019404881671745
0.0488908413456308,0.132858719621452,0.0327768053299294
0.028883090531933,0.0661666307847589,0.0210719251385454
0.0166397496179296,0.0467936328672779,0.0122957790444674
0.0253348457383958,0.0578659984720763,0.016580375344304
0.0260060428296756,0.0564989761534616,0.0161215637622776
0.0197642732114631,0.0509518948662137,0.015103306619705
0.0419476247195371,0.0827330201035447,0.0302298321036285
0.0270979386681037,0.0615497985488897,0.0189896107334434
0.0146942852600569,0.0415786561154856,0.0147083991698867
0.0366270116459058,0.0720960026782499,0.0221522577757816
0.0199007283622716,0.050790418944358,0.0161984760099577
0.0245856937234244,0.0713469493153948,0.0240627545797678
0.146830707339403,0.192948601993688,0.0814185344544503
0.015195183225226,0.0413508675269263,0.0120174204815716
0.0244373899160802,0.0840182950843559,0.0165676673764665
0.0196596640996769,0.0502528119029481,0.0170550595613483
0.0249578198826837,0.0718310298459511,0.0208893816571234
0.0402504907142578,0.103944858262621,0.0289705342994117
0.0288287656289732,0.0573284596628796,0.0221755692810141
0.0324562210979955,0.065130971149822,0.0196355171694262
0.027904824851248,0.0679226089875457,0.0156600690591752
0.0218007371379281,0.0449930091901594,0.0204769397379148
0.0231463935971412,0.0560346272901499,0.0184000319421343
0.0362553282118925,0.0782567960688736,0.0324390428169606
0.0263694338962508,0.0616478412578573,0.0161200202397619
0.0345256266878921,0.0889307762121882,0.0246760365654477
0.024226727537915,0.0603175224211913,0.0197404305000562
0.0169535544270196,0.0408152849769683,0.0146747015879073
0.0755258959048834,0.124035425800599,0.0423243661957862
0.0234134443284017,0.0553312712581598,0.0152970547679112
0.0656689349131816,0.100743425578181,0.0346397727071699
0.0322658612520036,0.0621468962377573,0.02554809609821
0.0306504173735223,0.0731440742294211,0.0185163136961726
0.133995456112987,0.190833560267432,0.0667242904174007
0.0161938781091614,0.0426280473555778,0.0139870943437212
0.0203724069612512,0.0624457694923426,0.0138497542981469
0.02299407206186,0.0560226522445446,0.020334042806919
0.044144393418362,0.136088158948748,0.0381873787432074
0.0202289071126977,0.0513743389801191,0.0160825450466928
0.0232657151413282,0.041376768311743,0.0168776013264957
0.0410303049216998,0.0883554074690272,0.0771208728865784
0.0205188620149901,0.0438478130950539,0.0274371299075981
0.0164643618957518,0.0442015074857757,0.0154877579175134
0.0167344094158532,0.0394291023149482,0.0138638427540532
0.0161886686975446,0.0442579445858066,0.0148890689109515
0.0221214597744852,0.0500802358557618,0.0134915021875481
0.0195004158732454,0.0638109768556232,0.0187255981557686
0.0360731505301964,0.0586458670813234,0.0202529910317221
0.0303622751119506,0.0886067470355593,0.0181417775357259
0.0274228150760207,0.0753492296701844,0.0219664014592544
0.0192393995765776,0.0538713173872784,0.0169283873849057
0.0232627358577081,0.0715938730206013,0.0215232988697342
0.021166860334778,0.0649179817982485,0.0176267391759264
0.0218571341504406,0.0498943233002708,0.0181353944026207
0.0271676020271067,0.0562686256965733,0.0227444129232706
0.0233870465452022,0.0642852952306498,0.0211558541142214
0.0351018172051692,0.0819977586055184,0.0175479809491155
0.0345813042854416,0.0757907027279439,0.0251660752168462
0.0263452232645185,0.055913780542866,0.0226343945064441
0.0263513613377374,0.0899739667642263,0.0168812003541254
0.0238577480333618,0.0600289961503944,0.0197299415622838
0.0560250729090805,0.0934581265199971,0.033212901757391
0.0242603036349951,0.0624547478553391,0.0191603376952959
0.0214242507548266,0.0584417722789889,0.0177897585882583
0.0344421422865047,0.0892072000054241,0.0229010583941295
0.0188566317064744,0.0385094825630237,0.0185285654067443
0.0199064370783792,0.0441321348509578,0.0199484948331531
0.0284977707735654,0.0610965210421273,0.0181964242534468
0.122154442642762,0.175890788853083,0.0507520464078108
0.022784634222346,0.0448316194336721,0.0171781075061771
0.0536082344723804,0.132663927223384,0.0501290982762014
0.0297660934414703,0.0634329798894559,0.027276206675061
0.0454908014493538,0.0746719473888428,0.029311540683476
0.0156593571778774,0.0422172236107619,0.012475533066944
0.046150887258257,0.103207739241497,0.0382220952583744
0.0171490725485596,0.0520246350470915,0.0206062842237956
0.029768679292131,0.0538986018711194,0.0270083147503738
0.0170039573322953,0.0525643647813864,0.0161394393972166
0.018973494295993,0.0468581064591175,0.0125714943750399
0.0222546957632691,0.0535629810433909,0.0313921129413938
0.0402886544808207,0.10623750947114,0.0276144624882421
0.0273898153000162,0.0793392581010507,0.0232704365595473
0.0394905816362973,0.0656783667230372,0.0257209805233038
0.0500095529270808,0.118235750338358,0.0371122625596671
0.043663784206822,0.0598696744745228,0.0239118587197117
0.0575852153938369,0.112058406062304,0.0265036691537394
0.0192071066224964,0.0453080589303211,0.0137280810731599
0.0293701465463478,0.0655342282216868,0.017881800671349
0.0283182120786773,0.0634694522014795,0.0206349279809599
0.0290101580479106,0.0584284238293068,0.0209445270530314
0.019933605514065,0.0467634370688245,0.018285998535871
0.174577301041641,0.430961313579714,0.109196403794831
0.0269874868312265,0.056908235857057,0.0191370099896634
0.0483103299206263,0.146446192577456,0.0260945630146277
0.0302731926951554,0.115526229039196,0.0173359344558006
0.0176177513472684,0.0527574790200135,0.0143196757091121
0.0200662820572368,0.0532832026457375,0.0143065336253756
0.0247503581912118,0.0534907183922837,0.0168616343373328
0.0217740195145284,0.0513048838435606,0.0171318763413096
0.0186472353254432,0.0572029250338435,0.0149491030789024
0.0301777673510982,0.0815045235812769,0.0226279638770974
0.0203229633039603,0.0580297073464842,0.0232212965453166
0.0304193673752862,0.062656586848216,0.0220834692715249
0.0608185558710796,0.104375542590733,0.0301124626981286
0.0274462133002485,0.0674758495252088,0.0190679473591744
0.0572447533957915,0.12418981300332,0.0423573247534716
0.0380468683071889,0.0941126156992611,0.0273737732557398
0.0984681787721708,0.104050346667393,0.0464424715409289
0.0258159789995811,0.0770637210437282,0.0233099010986737
0.0227882327699183,0.0628776186365071,0.0197448448002903
0.0371123879567702,0.0793972257040832,0.0219513747909578
0.0235546422955738,0.0650705046832243,0.0222136840561127
0.0227209251722831,0.067199707646827,0.0166027399861613
0.0196065683745231,0.0569923597322182,0.0168654857728225
0.0297922266927211,0.0532774519884347,0.0221780003381438
0.0190731865388376,0.0558055729179921,0.0164469590829885
0.0433194988390629,0.0671677986286972,0.0247595451792088
0.0256027127468687,0.0474363908216332,0.0489714624927374
0.0545497807209133,0.118786295995861,0.0299563535030906
0.0170372336767921,0.0495570601278573,0.0128921833885324
0.0197143478334141,0.0522482007592558,0.0176416785798196
0.0189903538610295,0.0528994813434452,0.0161431003679784
0.0261656616604371,0.0604127232514988,0.0188130612651369
0.0391916854639727,0.0773652636978026,0.0233154871555817
0.0261322696471706,0.0668122191307389,0.0265788204356362
0.0246045674818113,0.0605044090328506,0.0187977418383112
0.0228697330865785,0.0518722467050336,0.0159459161006017
0.0247630193114821,0.0869369042370084,0.0184071093709244
0.0302199481579516,0.0760884150360696,0.0342274699571455
0.0297836140820582,0.0662001114120688,0.0224328213470503
0.0256478353762415,0.070198400996289,0.0193321707308874
0.150303320636595,0.156743394678547,0.0764008173924816
0.0617283510531801,0.104213369543501,0.0297592223238786
0.0298981975109494,0.0828432052811638,0.0215757840842998
0.052151723527442,0.0995987260214853,0.042667601292537
0.0160031028415257,0.0409597950228211,0.0146330211014843
0.0191143276200499,0.0382014421569066,0.0181467821334547
0.0225026005641796,0.0519784038498063,0.0187289160583332
0.0184214099236324,0.0435098835083819,0.0161550829052775
0.0372786899983754,0.0834259843340262,0.0208471606764179
0.0451025835550659,0.0880237002397786,0.0210803784611263
0.0297543347671117,0.103696685209853,0.0228427873735331
0.0401974909620365,0.0924377869643343,0.0272735924198701
0.0389105940450483,0.0759657596601699,0.0247173509280509
